KONTROL,AREA_REAL,area_calc,poroda,id,species_RF,poroda_short,poroda_code
07:9:1,49.3,499281,СОСНА ЗВИЧАЙНА,1,4,PISY,4
07:8:2,35.5,365210,БЕРЕЗА ПОВИСЛА,1,4,BEPE,2
07:26:5,6.5,67887,СОСНА ЗВИЧАЙНА,1,4,PISY,4
07:26:12,2,20254,СОСНА ЗВИЧАЙНА,1,4,PISY,4
07:26:14,1.2,12036,СОСНА ЗВИЧ. У ВОГН. КОР. ГУБ.,1,4,PISY,4
07:26:11,1.5,14716,СОСНА ЗВИЧАЙНА,1,4,PISY,4
07:26:2,1.7,17375,СОСНА ЗВИЧАЙНА,1,4,PISY,4
07:26:1,0.6,6403,СОСНА ЗВИЧАЙНА,1,4,PISY,4
07:26:13,1.1,11135,СОСНА ЗВИЧАЙНА,1,4,PISY,4
07:26:4,3,29734,СОСНА ЗВИЧАЙНА,1,4,PISY,4
07:26:9,0.4,4290,СОСНА ЗВИЧАЙНА,1,4,PISY,4
07:26:7,3.2,33821,СОСНА ЗВИЧАЙНА,1,4,PISY,4
07:26:8,0.5,5210,СОСНА ЗВИЧАЙНА,1,4,PISY,4
07:26:3,1.5,15962,СОСНА ЗВИЧАЙНА,1,4,PISY,4
07:22:3,4.2,43199,СОСНА ЗВИЧ. У ВОГН. КОР. ГУБ.,1,1,PISY,4
07:22:7,1.9,18668,СОСНА ЗВИЧАЙНА,1,2,PISY,4
07:22:5,1.5,14690,БЕРЕЗА ПОВИСЛА,1,1,BEPE,2
07:22:12,2.2,21574,СОСНА ЗВИЧ. У ВОГН. КОР. ГУБ.,1,4,PISY,4
07:22:11,3.2,32206,СОСНА ЗВИЧАЙНА,1,4,PISY,4
07:21:3,0.1,1420,БЕРЕЗА ПОВИСЛА,1,2,BEPE,2
07:21:10,1.4,13940,СОСНА ЗВИЧАЙНА,1,4,PISY,4
07:20:10,1.3,13437,СОСНА ЗВИЧАЙНА,1,4,PISY,4
07:20:9,1.6,15879,СОСНА ЗВИЧАЙНА,1,4,PISY,4
07:20:7,4.4,43808,СОСНА ЗВИЧАЙНА,1,4,PISY,4
07:20:8,2.2,22350,СОСНА ЗВИЧАЙНА,1,4,PISY,4
07:20:3,4.8,46091,ВІЛЬХА ЧОРНА,1,1,ALGL,1
07:20:6,0.7,7443,СОСНА ЗВИЧАЙНА,1,1,PISY,4
07:20:2,2.3,23431,БЕРЕЗА ПОВИСЛА,1,1,BEPE,2
07:17:10,12.5,125094,СОСНА ЗВИЧАЙНА,1,4,PISY,4
07:17:4,1.2,12181,СОСНА ЗВИЧАЙНА,1,4,PISY,4
07:17:3,1.1,10881,СОСНА ЗВИЧАЙНА,1,4,PISY,4
07:17:12,10.1,101388,СОСНА ЗВИЧАЙНА,1,4,PISY,4
07:17:11,5.3,52860,СОСНА ЗВИЧ. У ВОГН. КОР. ГУБ.,1,4,PISY,4
07:17:6,2.3,23318,СОСНА ЗВИЧАЙНА,1,4,PISY,4
07:17:9,5,49903,СОСНА ЗВИЧАЙНА,1,4,PISY,4
07:17:7,0.7,6674,СОСНА ЗВИЧАЙНА,1,4,PISY,4
07:17:5,1.7,16910,СОСНА ЗВИЧАЙНА,1,4,PISY,4
07:17:1,7,70076,СОСНА ЗВИЧ. У ВОГН. КОР. ГУБ.,1,4,PISY,4
07:17:8,1.1,11426,СОСНА ЗВИЧАЙНА,1,4,PISY,4
07:16:2,2,19715,СОСНА ЗВИЧАЙНА,1,4,PISY,4
07:16:3,1.1,10987,СОСНА ЗВИЧ. У ВОГН. КОР. ГУБ.,1,4,PISY,4
07:16:9,1.6,16155,СОСНА ЗВИЧАЙНА,1,4,PISY,4
07:16:11,3.3,32897,СОСНА ЗВИЧАЙНА,1,4,PISY,4
07:16:7,6.4,64474,СОСНА ЗВИЧАЙНА,1,1,PISY,4
07:15:1,4.5,48139,ВІЛЬХА ЧОРНА,1,1,ALGL,1
07:15:4,3.5,34520,ВІЛЬХА ЧОРНА,1,1,ALGL,1
07:36:3,9,89999,СОСНА ЗВИЧАЙНА,1,4,PISY,4
07:36:4,5.4,54234,СОСНА ЗВИЧАЙНА,1,4,PISY,4
07:36:5,1.6,15910,СОСНА ЗВИЧАЙНА,1,4,PISY,4
07:36:7,2.5,24794,СОСНА ЗВИЧАЙНА,1,4,PISY,4
07:36:2,1.6,16362,СОСНА ЗВИЧАЙНА,1,4,PISY,4
07:36:1,2.7,26553,СОСНА ЗВИЧАЙНА,1,4,PISY,4
07:35:4,11.8,122360,СОСНА ЗВИЧАЙНА,1,4,PISY,4
07:35:7,5.8,59188,СОСНА ЗВИЧАЙНА,1,4,PISY,4
07:35:5,2,21115,СОСНА ЗВИЧАЙНА,1,4,PISY,4
07:35:6,1.8,17823,СОСНА ЗВИЧАЙНА,NA,4,PISY,4
07:35:1,2.7,26831,СОСНА ЗВИЧ. У ВОГН. КОР. ГУБ.,1,4,PISY,4
07:35:3,0.6,5866,СОСНА ЗВИЧ. У ВОГН. КОР. ГУБ.,1,4,PISY,4
07:35:2,1,9635,СОСНА ЗВИЧАЙНА,1,4,PISY,4
07:31:2,4.3,45328,СОСНА ЗВИЧАЙНА,1,4,PISY,4
07:31:5,1.1,11255,СОСНА ЗВИЧАЙНА,1,4,PISY,4
07:31:7,1.2,12170,СОСНА ЗВИЧАЙНА,1,4,PISY,4
07:31:9,0.6,6348,СОСНА ЗВИЧАЙНА,1,4,PISY,4
07:31:6,2.5,25701,СОСНА ЗВИЧАЙНА,1,4,PISY,4
07:31:8,1.3,12683,СОСНА ЗВИЧАЙНА,1,4,PISY,4
07:32:2,1.6,16025,СОСНА ЗВИЧАЙНА,1,4,PISY,4
07:32:8,0.8,8488,СОСНА ЗВИЧАЙНА,1,4,PISY,4
07:32:7,2.1,21191,СОСНА ЗВИЧАЙНА,1,4,PISY,4
07:32:12,1.4,14064,СОСНА ЗВИЧАЙНА,1,4,PISY,4
07:32:9,0.9,8856,СОСНА ЗВИЧАЙНА,1,4,PISY,4
07:32:10,2.8,27690,СОСНА ЗВИЧАЙНА,1,4,PISY,4
07:32:1,0.6,5791,СОСНА ЗВИЧАЙНА,1,4,PISY,4
07:32:5,0.8,8454,СОСНА ЗВИЧАЙНА,1,4,PISY,4
07:32:3,0.6,6208,СОСНА ЗВИЧАЙНА,1,4,PISY,4
07:33:8,8.5,88560,СОСНА ЗВИЧАЙНА,1,4,PISY,4
07:33:9,0.4,4207,СОСНА ЗВИЧАЙНА,1,4,PISY,4
07:33:12,0.4,3557,СОСНА ЗВИЧАЙНА,1,4,PISY,4
07:33:10,1.4,13712,СОСНА ЗВИЧАЙНА,1,2,PISY,4
07:33:7,0.9,8511,СОСНА ЗВИЧАЙНА,1,4,PISY,4
07:33:6,0.9,8664,СОСНА ЗВИЧАЙНА,1,4,PISY,4
07:33:4,1,9803,СОСНА ЗВИЧАЙНА,1,4,PISY,4
07:33:5,2.9,28927,СОСНА ЗВИЧАЙНА,1,4,PISY,4
07:33:2,4.6,47970,СОСНА ЗВИЧАЙНА,1,4,PISY,4
07:33:3,1.1,10751,СОСНА ЗВИЧАЙНА,1,4,PISY,4
07:33:1,1,9845,СОСНА ЗВИЧ. У ВОГН. КОР. ГУБ.,1,4,PISY,4
07:34:1,9.7,94214,СОСНА ЗВИЧАЙНА,1,4,PISY,4
07:34:2,0.4,4465,СОСНА ЗВИЧАЙНА,1,4,PISY,4
07:34:3,6.8,67820,СОСНА ЗВИЧАЙНА,1,4,PISY,4
07:34:4,1.9,19332,СОСНА ЗВИЧАЙНА,1,4,PISY,4
07:34:5,6.2,59255,СОСНА ЗВИЧАЙНА,1,4,PISY,4
07:34:6,1.7,16903,СОСНА ЗВИЧ. У ВОГН. КОР. ГУБ.,1,4,PISY,4
07:34:7,2,20465,СОСНА ЗВИЧАЙНА,1,4,PISY,4
07:29:1,12.8,126840,СОСНА ЗВИЧАЙНА,1,4,PISY,4
07:29:6,0.7,7399,СОСНА ЗВИЧАЙНА,1,4,PISY,4
07:29:7,2.9,28782,СОСНА ЗВИЧАЙНА,1,4,PISY,4
07:27:4,1.2,11773,СОСНА ЗВИЧАЙНА,1,4,PISY,4
07:27:3,1.3,12364,СОСНА ЗВИЧАЙНА,1,4,PISY,4
07:27:5,5.5,54584,СОСНА ЗВИЧАЙНА,1,4,PISY,4
07:24:5,2.5,25199,СОСНА ЗВИЧАЙНА,1,4,PISY,4
07:24:4,18.1,181546,СОСНА ЗВИЧАЙНА,1,4,PISY,4
07:24:3,0.6,6089,СОСНА ЗВИЧАЙНА,1,4,PISY,4
07:23:1,2.2,22594,ВІЛЬХА ЧОРНА,1,4,ALGL,1
07:23:5,16,166077,СОСНА ЗВИЧАЙНА,1,4,PISY,4
07:23:6,0.9,8885,СОСНА ЗВИЧАЙНА,1,4,PISY,4
07:23:3,3.4,35076,ВІЛЬХА ЧОРНА,1,4,ALGL,1
07:23:4,0.9,8725,ДУБ ЗВИЧАЙНИЙ,1,4,OTHERS,3
07:18:3,6,59858,ВІЛЬХА ЧОРНА,1,1,ALGL,1
07:14:3,5.7,59606,ВІЛЬХА ЧОРНА,1,1,ALGL,1
07:14:5,0.9,8929,ВІЛЬХА ЧОРНА,1,1,ALGL,1
07:56:31,0.4,2877,ВІЛЬХА ЧОРНА,1,3,ALGL,1
07:56:28,0.5,4963,ДУБ ЧЕРВОНИЙ,1,3,OTHERS,3
07:56:16,3.4,33114,ВІЛЬХА ЧОРНА,1,1,ALGL,1
07:56:10,1,9605,ДУБ ЗВИЧАЙНИЙ,1,3,OTHERS,3
07:56:11,0.4,3791,ВІЛЬХА ЧОРНА,1,1,ALGL,1
07:56:8,1.2,12280,ОСИКА,1,1,POTR,5
07:56:4,0.5,4851,ВІЛЬХА ЧОРНА,1,1,ALGL,1
07:56:6,0.4,4349,ДУБ ЧЕРВОНИЙ,1,3,OTHERS,3
07:56:7,0.5,4957,ВІЛЬХА ЧОРНА,1,1,ALGL,1
07:56:2,1.3,13388,ДУБ ЧЕРВОНИЙ,1,3,OTHERS,3
07:56:3,1.2,10825,ДУБ ЗВИЧАЙНИЙ,1,3,OTHERS,3
07:56:1,0.8,8432,ВІЛЬХА ЧОРНА,1,1,ALGL,1
07:58:12,0.7,7052,ВІЛЬХА ЧОРНА,1,1,ALGL,1
07:58:5,1.2,11649,ОСИКА,1,1,POTR,5
07:58:3,1.9,18909,ВІЛЬХА ЧОРНА,1,3,ALGL,1
07:58:2,1.2,10878,ВІЛЬХА ЧОРНА,1,3,ALGL,1
07:58:1,1.7,17144,ОСИКА,1,5,POTR,5
07:57:13,3,29514,ЯСЕН ЗВИЧАЙНИЙ,1,1,OTHERS,3
07:57:11,0.6,5900,ВІЛЬХА ЧОРНА,1,1,ALGL,1
07:57:20,0.5,6137,ДУБ ЗВИЧАЙНИЙ,1,3,OTHERS,3
07:57:12,0.6,6376,ЯСЕН ЗВИЧАЙНИЙ,1,3,OTHERS,3
07:57:17,1.4,14300,ВІЛЬХА ЧОРНА,1,1,ALGL,1
07:57:15,2.4,24417,ВІЛЬХА ЧОРНА,1,1,ALGL,1
07:57:10,1.5,15326,ДУБ ЗВИЧАЙНИЙ,1,1,OTHERS,3
07:57:8,1.3,12709,СОСНА ЗВИЧАЙНА,1,3,PISY,4
07:57:5,2.3,24132,ВІЛЬХА ЧОРНА,1,4,ALGL,1
07:57:4,0.6,6110,ВІЛЬХА ЧОРНА,1,1,ALGL,1
07:57:7,2.4,23494,ДУБ ЗВИЧАЙНИЙ,1,3,OTHERS,3
07:61:11,1,9886,ВІЛЬХА ЧОРНА,1,1,ALGL,1
07:61:5,1,9662,ВІЛЬХА ЧОРНА,1,1,ALGL,1
07:60:4,2.1,21097,ВІЛЬХА ЧОРНА,1,1,ALGL,1
07:60:8,0.2,2222,ВІЛЬХА ЧОРНА,1,3,ALGL,1
07:60:1,2,19831,ВІЛЬХА ЧОРНА,1,1,ALGL,1
07:60:16,1.1,10663,ВІЛЬХА ЧОРНА,1,1,ALGL,1
07:60:20,0.7,7233,ВІЛЬХА ЧОРНА,1,1,ALGL,1
07:62:20,1.2,10514,ВІЛЬХА ЧОРНА,1,1,ALGL,1
07:62:7,0.4,4428,ДУБ ЗВИЧАЙНИЙ,1,1,OTHERS,3
07:62:18,0.4,2674,ВІЛЬХА ЧОРНА,1,1,ALGL,1
07:62:11,1.2,12373,ВІЛЬХА ЧОРНА,1,1,ALGL,1
07:62:1,1.7,19683,ВІЛЬХА ЧОРНА,1,1,ALGL,1
07:57:1,2.5,25560,ВІЛЬХА ЧОРНА,1,3,ALGL,1
07:57:9,5.8,60873,ВІЛЬХА ЧОРНА,1,3,ALGL,1
07:57:16,1.3,13441,ВІЛЬХА ЧОРНА,1,3,ALGL,1
07:61:3,0.4,3627,ВІЛЬХА ЧОРНА,1,3,ALGL,1
07:56:22,1.6,13059,ДУБ ЗВИЧАЙНИЙ,1,3,OTHERS,3
07:56:18,0.9,10555,ВІЛЬХА ЧОРНА,1,1,ALGL,1
07:56:20,0.3,2952,ВІЛЬХА ЧОРНА,1,1,ALGL,1
07:56:17,0.3,3488,ДУБ ЗВИЧАЙНИЙ,1,1,OTHERS,3
07:56:26,0.2,1558,ВІЛЬХА ЧОРНА,1,1,ALGL,1
07:56:25,0.2,1289,ДУБ ЧЕРВОНИЙ,1,3,OTHERS,3
07:54:19,2.2,22213,СОСНА ЗВИЧАЙНА,1,1,PISY,4
07:54:18,0.6,6112,ВІЛЬХА ЧОРНА,1,1,ALGL,1
07:54:9,0.3,3048,ВІЛЬХА ЧОРНА,1,4,ALGL,1
07:54:4,2.2,21861,ДУБ ЗВИЧАЙНИЙ,1,1,OTHERS,3
07:44:1,1.3,12833,СОСНА ЗВИЧАЙНА,1,4,PISY,4
07:47:1,2.6,27079,СОСНА ЗВИЧАЙНА,1,4,PISY,4
07:47:2,1.4,13545,СОСНА ЗВИЧАЙНА,1,4,PISY,4
07:47:6,5.5,57044,СОСНА ЗВИЧАЙНА,1,4,PISY,4
07:47:4,1.8,17712,СОСНА ЗВИЧАЙНА,1,4,PISY,4
07:47:5,3.7,39443,СОСНА ЗВИЧАЙНА,1,4,PISY,4
07:50:1,9.5,91233,СОСНА ЗВИЧАЙНА,1,4,PISY,4
07:50:2,1.1,11221,СОСНА ЗВИЧАЙНА,1,4,PISY,4
07:54:22,2.7,27877,ВІЛЬХА ЧОРНА,1,1,ALGL,1
07:54:17,0.7,6572,ДУБ ЗВИЧАЙНИЙ,1,3,OTHERS,3
07:54:7,4.8,49376,ВІЛЬХА ЧОРНА,1,1,ALGL,1
07:54:6,1.7,17229,ДУБ ЗВИЧАЙНИЙ,1,1,OTHERS,3
07:54:5,27,286157,ОСИКА,1,1,POTR,5
07:54:20,4.3,42558,ВІЛЬХА ЧОРНА,1,1,ALGL,1
07:55:1,2.2,21924,ДУБ ЗВИЧАЙНИЙ,1,4,OTHERS,3
07:55:4,0.5,5013,ВІЛЬХА ЧОРНА,1,1,ALGL,1
07:55:3,0.5,4648,ВІЛЬХА ЧОРНА,1,1,ALGL,1
07:55:7,2.6,26949,ВІЛЬХА ЧОРНА,1,3,ALGL,1
07:55:15,1.1,10752,ВІЛЬХА ЧОРНА,1,1,ALGL,1
07:55:16,0.6,6009,ДУБ ЗВИЧАЙНИЙ,1,4,OTHERS,3
07:55:11,0.9,8499,ВІЛЬХА ЧОРНА,1,1,ALGL,1
07:55:12,1.6,15855,ДУБ ЗВИЧАЙНИЙ,1,1,OTHERS,3
07:55:17,1.9,19073,ЯЛИНА ЄВРОПЕЙСЬКА,1,4,PISY,4
07:55:13,0.9,9094,ВІЛЬХА ЧОРНА,1,1,ALGL,1
07:55:14,0.4,3505,ВІЛЬХА ЧОРНА,1,1,ALGL,1
07:55:20,1,9739,ОСИКА,1,4,POTR,5
07:55:18,17,179215,ВІЛЬХА ЧОРНА,1,1,ALGL,1
07:55:19,3.4,33917,ВІЛЬХА ЧОРНА,1,1,ALGL,1
07:61:7,2.4,24091,ВІЛЬХА ЧОРНА,1,1,ALGL,1
07:61:16,1.6,15858,ВІЛЬХА ЧОРНА,1,1,ALGL,1
07:61:15,2.5,23584,ВІЛЬХА ЧОРНА,1,1,ALGL,1
07:60:11,0.6,6080,ЯСЕН ЗВИЧАЙНИЙ,1,3,OTHERS,3
07:60:6,8.1,81175,ВІЛЬХА ЧОРНА,1,1,ALGL,1
07:60:3,7,69214,ДУБ ЗВИЧАЙНИЙ,1,3,OTHERS,3
07:60:18,0.4,4415,ВІЛЬХА ЧОРНА,1,1,ALGL,1
07:60:19,0.8,7511,ВІЛЬХА ЧОРНА,1,1,ALGL,1
07:60:23,1,9634,ВІЛЬХА ЧОРНА,1,4,ALGL,1
07:60:7,11,105547,ВІЛЬХА ЧОРНА,1,1,ALGL,1
07:60:15,3.4,34119,ВІЛЬХА ЧОРНА,1,1,ALGL,1
07:60:24,1.7,17261,ВІЛЬХА ЧОРНА,1,1,ALGL,1
07:60:26,0.3,2832,ДУБ ЗВИЧАЙНИЙ,1,3,OTHERS,3
07:60:10,0.3,3144,ВІЛЬХА ЧОРНА,1,3,ALGL,1
07:59:4,0.4,4381,ДУБ ЗВИЧАЙНИЙ,1,1,OTHERS,3
07:59:14,0.5,5461,ВІЛЬХА ЧОРНА,1,1,ALGL,1
07:59:15,3,30213,ДУБ ЗВИЧАЙНИЙ,1,3,OTHERS,3
07:59:16,2,19502,ВІЛЬХА ЧОРНА,1,1,ALGL,1
07:59:9,4.3,40632,БЕРЕЗА ПОВИСЛА,1,3,BEPE,2
07:59:17,2.8,26521,ДУБ ЗВИЧАЙНИЙ,1,3,OTHERS,3
07:59:19,0.4,4097,ДУБ ЗВИЧАЙНИЙ,1,3,OTHERS,3
07:59:10,3.6,34834,ОСИКА,1,3,POTR,5
07:59:5,0.3,2863,ВІЛЬХА ЧОРНА,1,1,ALGL,1
07:59:21,4,39163,ДУБ ЗВИЧАЙНИЙ,1,3,OTHERS,3
07:59:12,1,9992,ДУБ ЗВИЧАЙНИЙ,1,3,OTHERS,3
07:59:7,1.2,12061,ДУБ ЗВИЧАЙНИЙ,1,3,OTHERS,3
07:59:13,5.3,51883,ДУБ ЗВИЧАЙНИЙ,1,1,OTHERS,3
07:59:8,0.8,7903,ДУБ ЗВИЧАЙНИЙ,1,3,OTHERS,3
07:59:1,0.9,8612,ДУБ ЗВИЧАЙНИЙ,1,1,OTHERS,3
07:59:20,0.1,1196,ВІЛЬХА ЧОРНА,1,3,ALGL,1
07:62:2,3.2,31080,ОСИКА,1,4,POTR,5
07:62:17,2.1,21017,ВІЛЬХА ЧОРНА,1,1,ALGL,1
07:62:19,2.5,24864,ВІЛЬХА ЧОРНА,1,1,ALGL,1
07:62:5,23,227348,ДУБ ЗВИЧАЙНИЙ,1,1,OTHERS,3
07:62:6,2.6,25998,ВІЛЬХА ЧОРНА,1,1,ALGL,1
07:62:14,6.8,68358,ДУБ ЗВИЧАЙНИЙ,1,4,OTHERS,3
07:62:22,3.6,35940,ВІЛЬХА ЧОРНА,1,1,ALGL,1
07:2:12,49.1,495830,БЕРЕЗА ПОВИСЛА,1,4,BEPE,2
07:2:8,5.8,58217,СОСНА ЗВИЧАЙНА,1,1,PISY,4
07:2:9,8.4,83993,БЕРЕЗА ПОВИСЛА,1,4,BEPE,2
07:2:5,1,10139,СОСНА ЗВИЧ. У ВОГН. КОР. ГУБ.,1,2,PISY,4
07:2:6,2.3,23154,СОСНА ЗВИЧАЙНА,1,4,PISY,4
07:2:7,1.4,14258,БЕРЕЗА ПОВИСЛА,1,2,BEPE,2
07:3:4,17.3,175545,СОСНА ЗВИЧАЙНА,1,4,PISY,4
07:3:7,1.2,11689,СОСНА ЗВИЧ. У ВОГН. КОР. ГУБ.,1,4,PISY,4
07:3:8,1.4,14393,СОСНА ЗВИЧАЙНА,1,4,PISY,4
07:3:6,2.8,27898,СОСНА ЗВИЧАЙНА,1,4,PISY,4
07:3:10,0.2,2361,БЕРЕЗА ПОВИСЛА,1,2,BEPE,2
07:3:5,3.1,31274,СОСНА ЗВИЧАЙНА,1,4,PISY,4
07:3:3,3.8,38128,СОСНА ЗВИЧ. У ВОГН. КОР. ГУБ.,1,4,PISY,4
07:3:2,3.1,31348,СОСНА ЗВИЧАЙНА,1,4,PISY,4
07:3:1,0.6,6470,БЕРЕЗА ПОВИСЛА,1,2,BEPE,2
07:4:5,6.7,66794,СОСНА ЗВИЧАЙНА,1,4,PISY,4
07:4:7,13.6,135751,СОСНА ЗВИЧАЙНА,1,4,PISY,4
07:4:8,2.5,25209,СОСНА ЗВИЧАЙНА,1,4,PISY,4
07:4:4,11.9,119131,СОСНА ЗВИЧАЙНА,1,4,PISY,4
07:4:3,4.4,43636,СОСНА ЗВИЧАЙНА,1,4,PISY,4
07:4:2,5.1,50625,БЕРЕЗА ПОВИСЛА,1,2,BEPE,2
07:4:1,4.7,47320,СОСНА ЗВИЧАЙНА,1,4,PISY,4
07:12:1,93.2,947574,СОСНА ЗВИЧАЙНА,1,4,PISY,4
07:12:2,1,10768,СОСНА ЗВИЧАЙНА,1,4,PISY,4
07:11:2,1.9,18854,СОСНА ЗВИЧАЙНА,1,4,PISY,4
07:74:2,1,10422,СОСНА ЗВИЧАЙНА,1,4,PISY,4
07:63:2,10.6,106730,СОСНА ЗВИЧ. У ВОГН. КОР. ГУБ.,1,4,PISY,4
07:63:1,14.2,143485,СОСНА ЗВИЧАЙНА,1,4,PISY,4
07:69:3,32,319414,СОСНА ЗВИЧАЙНА,1,4,PISY,4
07:69:6,1,10031,СОСНА ЗВИЧАЙНА,1,4,PISY,4
07:69:2,11,105119,СОСНА ЗВИЧАЙНА,1,4,PISY,4
07:70:1,34.4,338692,СОСНА ЗВИЧАЙНА,1,4,PISY,4
07:70:2,1,8804,СОСНА ЗВИЧАЙНА,1,4,PISY,4
07:73:5,3.8,39618,СОСНА ЗВИЧАЙНА,1,4,PISY,4
07:73:1,0.4,3622,БЕРЕЗА ПОВИСЛА,1,2,BEPE,2
07:73:4,1.2,13238,СОСНА ЗВИЧАЙНА,1,4,PISY,4
07:75:1,0.5,4895,СОСНА ЗВИЧАЙНА,1,4,PISY,4
07:75:4,0.8,7774,БЕРЕЗА ПОВИСЛА,1,2,BEPE,2
07:72:6,1.3,13202,СОСНА ЗВИЧАЙНА,1,4,PISY,4
07:49:4,1.4,14286,СОСНА ЗВИЧАЙНА,1,4,PISY,4
07:38:5,2.8,30931,СОСНА ЗВИЧАЙНА,1,4,PISY,4
07:32:11,0.6,6094,СОСНА ЗВИЧАЙНА,1,4,PISY,4
07:31:1,1.3,13030,СОСНА ЗВИЧАЙНА,1,4,PISY,4
07:13:2,0.7,6516,СОСНА ЗВИЧАЙНА,1,4,PISY,4
07:13:3,0.6,5848,СОСНА ЗВИЧАЙНА,1,4,PISY,4
07:8:7,2.6,26069,СОСНА ЗВИЧ. У ВОГН. КОР. ГУБ.,1,4,PISY,4
07:8:4,0.3,2962,БЕРЕЗА ПОВИСЛА,1,4,BEPE,2
07:11:1,43,433651,СОСНА ЗВИЧАЙНА,1,4,PISY,4
07:12:3,0.5,5062,СОСНА ЗВИЧАЙНА,1,4,PISY,4
07:5:1,66.9,680576,СОСНА ЗВИЧАЙНА,1,4,PISY,4
07:3:13,3.2,32440,СОСНА ЗВИЧАЙНА,1,4,PISY,4
07:3:11,0.7,6959,БЕРЕЗА ПОВИСЛА,1,4,BEPE,2
07:2:13,3.6,35830,СОСНА ЗВИЧАЙНА,1,4,PISY,4
07:2:1,1.5,14548,ВІЛЬХА ЧОРНА,1,4,ALGL,1
07:2:3,0.4,3535,ВІЛЬХА ЧОРНА,1,1,ALGL,1
07:1:12,5.7,56892,СОСНА ЗВИЧАЙНА,1,4,PISY,4
07:30:9,0.5,4634,СОСНА ЗВИЧАЙНА,1,4,PISY,4
07:30:8,0.4,3801,СОСНА ЗВИЧАЙНА,1,4,PISY,4
07:30:3,21.4,220966,СОСНА ЗВИЧАЙНА,1,4,PISY,4
07:30:12,1.7,16692,СОСНА ЗВИЧАЙНА,1,4,PISY,4
07:30:13,1.8,17792,СОСНА ЗВИЧАЙНА,1,4,PISY,4
07:30:11,1.8,17840,СОСНА ЗВИЧАЙНА,1,4,PISY,4
07:30:5,2.4,24090,СОСНА ЗВИЧАЙНА,1,4,PISY,4
07:30:6,3.6,37058,СОСНА ЗВИЧАЙНА,1,4,PISY,4
07:30:7,1.6,16129,СОСНА ЗВИЧАЙНА,1,4,PISY,4
07:30:10,0.5,5289,СОСНА ЗВИЧАЙНА,1,4,PISY,4
07:30:1,0.6,6250,СОСНА ЗВИЧАЙНА,1,4,PISY,4
07:30:4,0.3,3085,СОСНА ЗВИЧАЙНА,1,4,PISY,4
07:29:2,2.7,27309,СОСНА ЗВИЧАЙНА,1,4,PISY,4
07:29:3,2.4,24314,СОСНА ЗВИЧАЙНА,1,4,PISY,4
07:28:3,1.9,18788,СОСНА ЗВИЧАЙНА,1,4,PISY,4
07:28:1,11.6,117310,СОСНА ЗВИЧАЙНА,1,4,PISY,4
07:28:4,1.8,18034,СОСНА ЗВИЧАЙНА,1,4,PISY,4
07:28:2,1.3,13308,СОСНА ЗВИЧАЙНА,1,4,PISY,4
07:31:3,0.5,4891,СОСНА ЗВИЧАЙНА,1,4,PISY,4
07:27:2,4.2,41958,СОСНА ЗВИЧ. У ВОГН. КОР. ГУБ.,1,4,PISY,4
07:27:1,1.3,12923,СОСНА ЗВИЧАЙНА,1,4,PISY,4
07:23:7,1,10128,СОСНА ЗВИЧАЙНА,1,4,PISY,4
07:24:6,0.3,2847,СОСНА ЗВИЧАЙНА,1,4,PISY,4
07:24:2,0.7,6699,СОСНА ЗВИЧАЙНА,1,4,PISY,4
07:24:1,0.7,6766,ВІЛЬХА ЧОРНА,1,1,ALGL,1
07:26:6,0.6,6316,СОСНА ЗВИЧАЙНА,1,4,PISY,4
07:25:1,21.6,215815,СОСНА ЗВИЧАЙНА,1,4,PISY,4
07:25:2,1.1,10879,БЕРЕЗА ПОВИСЛА,1,4,BEPE,2
07:25:3,1.9,19172,СОСНА ЗВИЧАЙНА,1,4,PISY,4
07:26:10,2.7,29076,СОСНА ЗВИЧАЙНА,1,4,PISY,4
07:22:6,1.2,11871,СОСНА ЗВИЧАЙНА,1,4,PISY,4
07:22:1,1.2,12191,СОСНА ЗВИЧАЙНА,1,4,PISY,4
07:22:9,0.8,7197,СОСНА ЗВИЧАЙНА,1,4,PISY,4
07:22:10,3.5,34517,СОСНА ЗВИЧАЙНА,1,4,PISY,4
07:21:2,12.3,125206,СОСНА ЗВИЧ. У ВОГН. КОР. ГУБ.,1,4,PISY,4
07:21:11,0.3,3363,СОСНА ЗВИЧАЙНА,1,4,PISY,4
07:21:18,4.3,44801,СОСНА ЗВИЧАЙНА,1,4,PISY,4
07:21:12,0.4,4237,СОСНА ЗВИЧАЙНА,1,4,PISY,4
07:21:4,0.8,7750,СОСНА ЗВИЧАЙНА,1,4,PISY,4
07:21:9,1,9989,СОСНА ЗВИЧАЙНА,1,4,PISY,4
07:21:15,0.3,3388,СОСНА ЗВИЧАЙНА,1,4,PISY,4
07:21:16,1,9880,СОСНА ЗВИЧАЙНА,1,4,PISY,4
07:21:17,0.9,9038,СОСНА ЗВИЧАЙНА,1,4,PISY,4
07:21:8,1.1,10883,СОСНА ЗВИЧАЙНА,1,4,PISY,4
07:21:14,0.5,5391,СОСНА ЗВИЧАЙНА,1,4,PISY,4
07:21:1,1.4,14908,ВІЛЬХА ЧОРНА,1,1,ALGL,1
07:19:7,3.9,38682,ВІЛЬХА ЧОРНА,1,2,ALGL,1
07:19:4,1.9,18861,ВІЛЬХА ЧОРНА,1,1,ALGL,1
07:19:1,2.2,22063,ВІЛЬХА ЧОРНА,1,3,ALGL,1
07:18:4,2.5,26335,ВІЛЬХА ЧОРНА,1,1,ALGL,1
07:18:1,0.2,2066,ВІЛЬХА ЧОРНА,1,1,ALGL,1
07:17:2,0.6,5990,СОСНА ЗВИЧАЙНА,1,4,PISY,4
07:16:1,5,49209,ВІЛЬХА ЧОРНА,1,1,ALGL,1
07:16:4,1.3,12866,СОСНА ЗВИЧАЙНА,1,4,PISY,4
07:16:6,0.9,9436,СОСНА ЗВИЧАЙНА,1,4,PISY,4
07:14:1,0.9,9197,ОСИКА,1,1,POTR,5
07:14:6,2.8,29537,ВІЛЬХА ЧОРНА,1,1,ALGL,1
07:1:1,1.3,12780,ВІЛЬХА ЧОРНА,1,1,ALGL,1
07:1:3,6.2,61797,СОСНА ЗВИЧАЙНА,1,4,PISY,4
07:1:2,12.8,129822,СОСНА ЗВИЧАЙНА,1,4,PISY,4
07:1:5,3.8,38070,ВІЛЬХА ЧОРНА,1,1,ALGL,1
07:1:6,5.7,59017,СОСНА ЗВИЧАЙНА,1,1,PISY,4
07:1:7,8,81891,СОСНА ЗВИЧАЙНА,1,1,PISY,4
07:1:9,2.7,27324,СОСНА ЗВИЧАЙНА,1,1,PISY,4
07:1:8,9,92800,СОСНА ЗВИЧАЙНА,1,1,PISY,4
07:1:10,1.3,13293,СОСНА ЗВИЧАЙНА,1,4,PISY,4
07:1:11,6.1,60790,СОСНА ЗВИЧАЙНА,1,4,PISY,4
07:6:2,0.9,9187,СОСНА ЗВИЧАЙНА,1,1,PISY,4
07:6:4,8,80176,ВІЛЬХА ЧОРНА,NA,1,ALGL,1
07:6:7,1.7,16759,ВІЛЬХА ЧОРНА,1,1,ALGL,1
07:7:10,0.6,6429,СОСНА ЗВИЧАЙНА,1,4,PISY,4
07:7:11,0.6,5552,СОСНА ЗВИЧАЙНА,1,4,PISY,4
07:7:1,2.7,27996,СОСНА ЗВИЧАЙНА,1,4,PISY,4
07:7:3,6.8,68333,СОСНА ЗВИЧАЙНА,1,4,PISY,4
07:7:6,3.4,33971,СОСНА ЗВИЧАЙНА,1,4,PISY,4
07:7:4,3.3,33774,СОСНА ЗВИЧАЙНА,1,4,PISY,4
07:7:2,4.5,47973,СОСНА ЗВИЧАЙНА,1,4,PISY,4
07:7:7,6.1,57847,СОСНА ЗВИЧАЙНА,1,4,PISY,4
07:7:8,24.3,256686,СОСНА ЗВИЧАЙНА,1,4,PISY,4
07:52:3,2.8,27559,СОСНА ЗВИЧАЙНА,1,4,PISY,4
07:52:2,1.8,18281,СОСНА ЗВИЧАЙНА,1,4,PISY,4
07:52:4,0.7,7176,СОСНА ЗВИЧАЙНА,1,4,PISY,4
07:52:1,20.6,211074,СОСНА ЗВИЧАЙНА,1,4,PISY,4
07:53:5,2,19996,СОСНА ЗВИЧАЙНА,1,4,PISY,4
07:53:4,7.2,72943,СОСНА ЗВИЧАЙНА,1,4,PISY,4
07:53:3,3.2,31917,СОСНА ЗВИЧАЙНА,1,4,PISY,4
07:53:1,1.1,11033,СОСНА ЗВИЧАЙНА,1,4,PISY,4
07:53:2,11.4,118437,СОСНА ЗВИЧАЙНА,1,4,PISY,4
07:64:1,18.8,192839,СОСНА ЗВИЧАЙНА,1,4,PISY,4
07:65:2,2.7,26018,СОСНА ЗВИЧАЙНА,1,4,PISY,4
07:65:1,9.1,93013,СОСНА ЗВИЧАЙНА,1,4,PISY,4
07:66:1,24.7,253160,СОСНА ЗВИЧАЙНА,1,4,PISY,4
07:67:2,6.4,65392,СОСНА ЗВИЧАЙНА,1,4,PISY,4
07:67:1,16.2,165240,СОСНА ЗВИЧАЙНА,1,4,PISY,4
07:68:2,7.3,73277,СОСНА ЗВИЧАЙНА,1,4,PISY,4
07:68:1,10.5,105616,СОСНА ЗВИЧАЙНА,1,4,PISY,4
07:69:5,6.5,65278,СОСНА ЗВИЧАЙНА,1,4,PISY,4
07:69:4,3.5,33942,СОСНА ЗВИЧАЙНА,1,4,PISY,4
07:71:1,17.7,180980,СОСНА ЗВИЧАЙНА,1,4,PISY,4
07:72:1,9.7,99515,СОСНА ЗВИЧАЙНА,1,4,PISY,4
07:72:3,1.8,17685,СОСНА ЗВИЧАЙНА,1,4,PISY,4
07:72:7,2.3,23302,БЕРЕЗА ПОВИСЛА,1,2,BEPE,2
07:72:8,1.4,14431,СОСНА ЗВИЧАЙНА,1,4,PISY,4
07:72:4,1.4,14421,СОСНА ЗВИЧАЙНА,1,4,PISY,4
07:72:5,1.6,16044,СОСНА ЗВИЧАЙНА,1,4,PISY,4
07:73:3,19.7,201744,СОСНА ЗВИЧАЙНА,1,4,PISY,4
07:74:4,2.8,28227,СОСНА ЗВИЧАЙНА,1,4,PISY,4
07:75:3,4.8,46739,СОСНА ЗВИЧАЙНА,1,4,PISY,4
07:75:2,24.8,248410,СОСНА ЗВИЧАЙНА,1,4,PISY,4
07:8:3,0.2,2097,СОСНА ЗВИЧАЙНА,1,4,PISY,4
07:8:14,2.2,21583,СОСНА ЗВИЧАЙНА,1,4,PISY,4
07:8:12,3,30232,СОСНА ЗВИЧАЙНА,1,4,PISY,4
07:8:5,5.3,52851,СОСНА ЗВИЧАЙНА,1,4,PISY,4
07:8:15,2,19959,ВІЛЬХА ЧОРНА,1,4,ALGL,1
07:13:1,16.5,167628,СОСНА ЗВИЧАЙНА,1,4,PISY,4
07:13:4,31.5,317128,СОСНА ЗВИЧАЙНА,1,4,PISY,4
07:37:1,0.6,6370,СОСНА ЗВИЧАЙНА,1,4,PISY,4
07:37:2,6,59826,СОСНА ЗВИЧАЙНА,1,4,PISY,4
07:37:5,2.6,25721,СОСНА ЗВИЧАЙНА,1,4,PISY,4
07:37:6,3.4,34127,СОСНА ЗВИЧАЙНА,1,4,PISY,4
07:37:8,3.4,34240,СОСНА ЗВИЧАЙНА,1,4,PISY,4
07:37:7,1.1,11037,СОСНА ЗВИЧАЙНА,1,4,PISY,4
07:37:3,3.5,35613,СОСНА ЗВИЧАЙНА,1,4,PISY,4
07:37:4,12,121646,СОСНА ЗВИЧАЙНА,1,4,PISY,4
07:38:4,0.9,9033,СОСНА ЗВИЧАЙНА,1,4,PISY,4
07:38:1,2,20057,СОСНА ЗВИЧАЙНА,1,4,PISY,4
07:38:3,1.6,17277,СОСНА ЗВИЧАЙНА,1,4,PISY,4
07:38:2,2,19606,СОСНА ЗВИЧАЙНА,1,4,PISY,4
07:39:1,1,8217,СОСНА ЗВИЧАЙНА,1,4,PISY,4
07:39:2,1.4,13684,СОСНА ЗВИЧАЙНА,1,4,PISY,4
07:39:3,3,29801,СОСНА ЗВИЧАЙНА,1,4,PISY,4
07:39:4,1.2,12262,СОСНА ЗВИЧАЙНА,1,4,PISY,4
07:39:7,1.4,14105,СОСНА ЗВИЧАЙНА,1,4,PISY,4
07:39:5,2,20066,СОСНА ЗВИЧАЙНА,1,4,PISY,4
07:39:6,13.5,135006,СОСНА ЗВИЧАЙНА,1,4,PISY,4
07:40:1,0.7,6569,СОСНА ЗВИЧАЙНА,1,4,PISY,4
07:40:4,0.8,8322,СОСНА ЗВИЧАЙНА,1,4,PISY,4
07:40:3,1.7,16886,СОСНА ЗВИЧАЙНА,1,4,PISY,4
07:40:10,1.3,13299,СОСНА ЗВИЧАЙНА,1,4,PISY,4
07:40:6,2.8,27592,СОСНА ЗВИЧАЙНА,1,4,PISY,4
07:40:2,3.5,34677,СОСНА ЗВИЧАЙНА,1,4,PISY,4
07:40:8,0.9,8651,СОСНА ЗВИЧАЙНА,1,4,PISY,4
07:40:7,5.5,55345,СОСНА ЗВИЧАЙНА,1,4,PISY,4
07:40:5,8.6,86446,СОСНА ЗВИЧАЙНА,1,4,PISY,4
07:40:9,5,49476,СОСНА ЗВИЧАЙНА,1,4,PISY,4
07:41:1,3.3,33440,СОСНА ЗВИЧАЙНА,1,4,PISY,4
07:41:2,1.9,18614,СОСНА ЗВИЧАЙНА,1,4,PISY,4
07:41:3,4,39536,СОСНА ЗВИЧАЙНА,1,4,PISY,4
07:41:7,0.4,4314,СОСНА ЗВИЧАЙНА,1,4,PISY,4
07:41:5,4.7,46699,СОСНА ЗВИЧАЙНА,1,4,PISY,4
07:41:6,0.7,6769,СОСНА ЗВИЧАЙНА,1,4,PISY,4
07:41:4,13.5,143439,СОСНА ЗВИЧАЙНА,1,4,PISY,4
07:42:4,3.8,38571,СОСНА ЗВИЧАЙНА,1,4,PISY,4
07:42:8,1.8,17629,СОСНА ЗВИЧАЙНА,1,4,PISY,4
07:42:9,0.4,3566,СОСНА ЗВИЧАЙНА,1,4,PISY,4
07:42:5,0.5,4788,СОСНА ЗВИЧАЙНА,1,4,PISY,4
07:42:6,1.6,16011,СОСНА ЗВИЧАЙНА,1,4,PISY,4
07:42:7,0.2,1868,СОСНА ЗВИЧАЙНА,1,4,PISY,4
07:42:2,3.8,39272,СОСНА ЗВИЧАЙНА,1,4,PISY,4
07:42:1,5.2,52383,СОСНА ЗВИЧАЙНА,1,4,PISY,4
07:42:10,4.7,47990,СОСНА ЗВИЧАЙНА,1,4,PISY,4
07:43:8,1,9580,СОСНА ЗВИЧАЙНА,1,4,PISY,4
07:43:6,0.6,6045,СОСНА ЗВИЧАЙНА,1,4,PISY,4
07:43:7,1.7,17335,СОСНА ЗВИЧАЙНА,1,4,PISY,4
07:43:1,5.2,53460,СОСНА ЗВИЧАЙНА,1,4,PISY,4
07:43:11,2,20306,СОСНА ЗВИЧАЙНА,1,4,PISY,4
07:43:15,0.7,6838,СОСНА ЗВИЧАЙНА,1,4,PISY,4
07:43:14,1.1,11460,БІЛА АКАЦІЯ,1,4,OTHERS,3
07:43:4,0.4,4274,СОСНА ЗВИЧАЙНА,1,4,PISY,4
07:43:12,1,11157,СОСНА ЗВИЧАЙНА,1,4,PISY,4
07:43:9,0.8,7910,СОСНА ЗВИЧАЙНА,1,4,PISY,4
07:43:10,9.5,98709,СОСНА ЗВИЧАЙНА,1,4,PISY,4
07:46:1,0.3,2682,СОСНА ЗВИЧАЙНА,1,4,PISY,4
07:46:2,1.2,11663,БЕРЕЗА ПОВИСЛА,1,2,BEPE,2
07:58:8,2.9,28644,ВІЛЬХА ЧОРНА,1,1,ALGL,1
07:58:4,1.3,12766,ВІЛЬХА ЧОРНА,1,3,ALGL,1
07:49:1,6.5,65174,СОСНА ЗВИЧАЙНА,1,4,PISY,4
07:49:3,12.5,122674,СОСНА ЗВИЧАЙНА,1,4,PISY,4
07:49:2,0.9,9384,СОСНА ЗВИЧАЙНА,1,4,PISY,4
07:48:3,6.6,65978,СОСНА ЗВИЧАЙНА,1,4,PISY,4
07:48:2,1,9996,БЕРЕЗА ПОВИСЛА,1,2,BEPE,2
07:51:2,25.3,254861,СОСНА ЗВИЧАЙНА,1,4,PISY,4
07:51:1,0.9,8605,СОСНА ЗВИЧАЙНА,1,4,PISY,4
07:45:2,2.7,27089,СОСНА ЗВИЧАЙНА,1,4,PISY,4
07:45:3,1.1,11369,СОСНА ЗВИЧАЙНА,1,4,PISY,4
07:45:1,4.4,44005,СОСНА ЗВИЧАЙНА,1,4,PISY,4
07:45:6,2,19510,СОСНА ЗВИЧАЙНА,1,4,PISY,4
07:45:7,12.5,125695,СОСНА ЗВИЧАЙНА,1,4,PISY,4
07:44:7,1.2,12214,СОСНА ЗВИЧАЙНА,1,4,PISY,4
07:44:6,1.2,11990,СОСНА ЗВИЧАЙНА,1,4,PISY,4
07:44:3,1.3,13437,СОСНА ЗВИЧАЙНА,1,4,PISY,4
07:44:5,0.8,7939,СОСНА ЗВИЧАЙНА,1,4,PISY,4
07:44:2,18.8,189300,СОСНА ЗВИЧАЙНА,1,4,PISY,4
07:44:4,4,40022,СОСНА ЗВИЧАЙНА,1,4,PISY,4
07:45:4,1,9990,СОСНА ЗВИЧАЙНА,1,4,PISY,4
07:43:3,1.1,10509,СОСНА ЗВИЧАЙНА,1,2,PISY,4
07:43:2,1.1,11208,СОСНА ЗВИЧАЙНА,1,4,PISY,4
07:42:12,0.1,1209,СОСНА ЗВИЧАЙНА,1,4,PISY,4
07:31:4,0.1,1268,СОСНА ЗВИЧАЙНА,1,4,PISY,4
07:57:6,3.4,34506,ОСИКА,1,1,POTR,5
07:32:4,9.1,91343,СОСНА ЗВИЧАЙНА,1,4,PISY,4
07:46:6,8.3,73587,СОСНА ЗВИЧАЙНА,1,4,PISY,4
07:46:5,0.7,6628,СОСНА ЗВИЧАЙНА,1,4,PISY,4
07:46:4,0.8,8452,СОСНА ЗВИЧАЙНА,1,4,PISY,4
07:74:5,4,40165,БІЛА АКАЦІЯ,1,4,OTHERS,3
07:74:3,15.6,156850,СОСНА ЗВИЧАЙНА,1,4,PISY,4
07:56:9,0.8,8346,СОСНА ЗВИЧАЙНА,1,4,PISY,4
07:46:3,4.5,55951,СОСНА ЗВИЧАЙНА,1,4,PISY,4
07:71:4,0.8,7782,СОСНА ЗВИЧАЙНА,1,4,PISY,4
07:16:5,4.7,46648,СОСНА ЗВИЧАЙНА,1,4,PISY,4
07:17:14,3.1,31295,БЕРЕЗА ПОВИСЛА,1,4,BEPE,2
07:22:8,2.2,21775,СОСНА ЗВИЧАЙНА,1,4,PISY,4
07:29:5,0.7,7494,СОСНА ЗВИЧАЙНА,1,4,PISY,4
07:3:9,2.6,29047,БЕРЕЗА ПОВИСЛА,1,2,BEPE,2
07:3:14,2.2,22117,СОСНА ЗВИЧАЙНА,1,4,PISY,4
07:7:5,4.1,40017,СОСНА ЗВИЧАЙНА,1,4,PISY,4
07:8:1,1.4,16436,СОСНА ЗВИЧАЙНА,1,2,PISY,4
07:8:9,1.9,18787,СОСНА ЗВИЧАЙНА,1,2,PISY,4
07:8:10,1.3,12232,БЕРЕЗА ПОВИСЛА,1,4,BEPE,2
07:8:11,1.3,13118,СОСНА ЗВИЧАЙНА,1,4,PISY,4
07:8:13,1.7,18212,БЕРЕЗА ПОВИСЛА,1,4,BEPE,2
07:36:6,0.6,6620,СОСНА ЗВИЧАЙНА,1,4,PISY,4
07:42:3,0.8,8485,СОСНА ЗВИЧАЙНА,1,2,PISY,4
07:75:5,0.8,8479,БЕРЕЗА ПОВИСЛА,1,2,BEPE,2
07:69:1,1.6,16148,СОСНА ЗВИЧАЙНА,1,2,PISY,4
07:2:10,2.4,26754,СОСНА ЗВИЧАЙНА,1,4,PISY,4
07:54:16,0.9,8538,ВІЛЬХА ЧОРНА,1,4,ALGL,1
07:57:3,4,40273,ВІЛЬХА ЧОРНА,1,3,ALGL,1
07:56:30,1.5,12895,ДУБ ЗВИЧАЙНИЙ,1,3,OTHERS,3
07:27:6,2.5,27391,СОСНА ЗВИЧАЙНА,1,2,PISY,4
07:28:5,7,70266,СОСНА ЗВИЧАЙНА,1,4,PISY,4
07:31:12,0.5,5331,СОСНА ЗВИЧАЙНА,1,4,PISY,4
07:16:8,3,29555,СОСНА ЗВИЧАЙНА,1,1,PISY,4
05:105:5,1,10389,ТОПОЛЯ ЧОРНА,1,1,POTR,5
05:103:4,12,128388,ТОПОЛЯ ЧОРНА,1,4,POTR,5
05:102:2,8.7,86621,ТОПОЛЯ КАНАДСЬКА,1,3,POTR,5
05:102:5,1.3,13318,ТОПОЛЯ КАНАДСЬКА,1,5,POTR,5
05:102:6,9.2,91162,ВЕРБА ЛАМКА,1,5,OTHERS,3
05:101:3,7.6,75934,ВЕРБА ПРУТОВИДНА,1,5,OTHERS,3
05:100:5,17.5,180783,БЕРЕЗА ПОВИСЛА,1,3,BEPE,2
05:100:3,5.2,50947,ВЕРБА ЛАМКА,1,5,OTHERS,3
05:100:2,3.1,31192,ВЕРБА ЛАМКА,1,1,OTHERS,3
05:104:1,3,30463,ТОПОЛЯ ЧОРНА,1,1,POTR,5
05:104:6,7.6,74866,ТОПОЛЯ ЧОРНА,1,4,POTR,5
05:104:9,1.6,16489,ВЕРБА КОЗЯЧА,1,4,OTHERS,3
05:104:10,1.6,16422,ВЕРБА ЛАМКА,1,5,OTHERS,3
05:104:8,3.2,30583,ВЕРБА КОЗЯЧА,1,5,OTHERS,3
05:40:11,4,40233,ТОПОЛЯ КАНАДСЬКА,1,5,POTR,5
05:40:7,1.8,18375,ДУБ ЗВИЧАЙНИЙ,1,3,OTHERS,3
05:39:12,5.6,56216,ВЕРБА ЛАМКА,1,3,OTHERS,3
05:39:15,8.2,82035,ДУБ ЗВИЧАЙНИЙ,1,3,OTHERS,3
05:39:16,3.5,34939,ДУБ ЗВИЧАЙНИЙ,1,3,OTHERS,3
05:39:18,1.9,19150,ВЕРБА ЛАМКА,1,2,OTHERS,3
05:39:4,2.9,29176,ТОПОЛЯ КАНАДСЬКА,1,3,POTR,5
05:39:2,1.1,10644,ТОПОЛЯ КАНАДСЬКА,1,4,POTR,5
05:38:9,4.7,48346,ДУБ ЗВИЧАЙНИЙ,1,2,OTHERS,3
05:98:7,5.1,52955,ВЕРБА ЛАМКА,1,4,OTHERS,3
05:98:6,2.4,25166,ВЕРБА ПРУТОВИДНА,1,2,OTHERS,3
05:97:1,0.3,2955,ТОПОЛЯ ЧОРНА,1,4,POTR,5
05:37:5,4.9,52349,СОСНА ЗВИЧАЙНА,1,4,PISY,4
05:37:4,1.4,13614,СОСНА ЗВИЧАЙНА,1,4,PISY,4
05:37:3,1.8,19111,СОСНА ЗВИЧАЙНА,1,4,PISY,4
05:37:1,1.9,19986,СОСНА ЗВИЧАЙНА,1,4,PISY,4
05:37:2,1.2,12124,БІЛА АКАЦІЯ,1,3,OTHERS,3
05:19:4,4.4,44250,СОСНА ЗВИЧАЙНА,1,4,PISY,4
05:19:2,1.2,12288,СОСНА ЗВИЧАЙНА,1,4,PISY,4
05:19:3,1,9769,СОСНА ЗВИЧАЙНА,1,4,PISY,4
05:19:5,8,80448,СОСНА ЗВИЧАЙНА,1,4,PISY,4
05:19:7,0.5,5496,СОСНА ЗВИЧАЙНА,1,4,PISY,4
05:19:6,3.5,34937,СОСНА ЗВИЧАЙНА,1,4,PISY,4
05:18:9,8.7,88990,СОСНА ЗВИЧАЙНА,1,4,PISY,4
05:18:10,5.4,55006,СОСНА БАНКСА,1,4,PISY,4
05:18:12,0.8,8159,СОСНА ЗВИЧАЙНА,1,4,PISY,4
05:18:13,1.3,13219,СОСНА ЗВИЧАЙНА,1,4,PISY,4
05:18:11,0.6,5762,СОСНА ЗВИЧАЙНА,1,4,PISY,4
05:18:2,13.5,143973,СОСНА ЗВИЧАЙНА,1,4,PISY,4
05:18:3,2.9,30029,СОСНА ЗВИЧАЙНА,1,4,PISY,4
05:18:4,3.8,38887,СОСНА ЗВИЧАЙНА,1,4,PISY,4
05:18:6,4.9,49880,СОСНА ЗВИЧАЙНА,1,4,PISY,4
05:96:9,3.6,36612,СОСНА ЗВИЧАЙНА,1,4,PISY,4
05:96:6,1.4,13671,СОСНА ЗВИЧАЙНА,1,3,PISY,4
05:96:8,0.9,9022,СОСНА ЗВИЧАЙНА,1,4,PISY,4
05:96:3,0.8,7970,СОСНА ЗВИЧАЙНА,1,3,PISY,4
05:96:2,1.1,10652,СОСНА ЗВИЧАЙНА,1,4,PISY,4
05:96:1,3.8,39662,СОСНА ЗВИЧАЙНА,1,4,PISY,4
05:95:6,6.5,68313,СОСНА ЗВИЧАЙНА,1,4,PISY,4
05:95:2,7.6,78923,СОСНА ЗВИЧАЙНА,1,4,PISY,4
05:95:1,1.4,14421,СОСНА ЗВИЧАЙНА,1,4,PISY,4
05:17:7,29,287773,СОСНА ЗВИЧАЙНА,1,4,PISY,4
05:17:11,2.1,20883,СОСНА ЗВИЧАЙНА,1,4,PISY,4
05:17:3,5.5,54343,СОСНА ЗВИЧАЙНА,1,4,PISY,4
05:17:2,3,30169,СОСНА ЗВИЧАЙНА,1,4,PISY,4
05:17:1,1.1,11345,СОСНА ЗВИЧАЙНА,1,4,PISY,4
05:17:16,7.1,70362,СОСНА ЗВИЧАЙНА,1,4,PISY,4
05:17:12,2.1,20702,СОСНА ЗВИЧАЙНА,1,4,PISY,4
05:24:9,1.3,12566,СОСНА ЗВИЧАЙНА,1,4,PISY,4
05:24:6,0.7,7482,СОСНА ЗВИЧАЙНА,1,4,PISY,4
05:24:10,1.1,10626,СОСНА ЗВИЧАЙНА,1,4,PISY,4
05:23:2,35.5,357112,СОСНА ЗВИЧАЙНА,1,4,PISY,4
05:23:7,3.7,37381,СОСНА ЗВИЧАЙНА,1,4,PISY,4
05:23:6,1,9706,СОСНА ЗВИЧАЙНА,1,4,PISY,4
05:23:11,3.2,32359,СОСНА ЗВИЧАЙНА,1,4,PISY,4
05:22:3,0.5,5239,СОСНА ЗВИЧАЙНА,1,4,PISY,4
05:22:2,27,278494,СОСНА ЗВИЧАЙНА,1,4,PISY,4
05:16:9,19,190607,СОСНА ЗВИЧАЙНА,1,4,PISY,4
05:16:10,20.5,210897,СОСНА ЗВИЧАЙНА,1,4,PISY,4
05:16:6,3.5,35775,СОСНА ЗВИЧАЙНА,1,4,PISY,4
05:16:7,0.6,5634,БЕРЕЗА ПОВИСЛА,1,4,BEPE,2
05:16:2,1.1,11471,СОСНА ЗВИЧАЙНА,1,4,PISY,4
05:16:5,2.9,29393,СОСНА ЗВИЧАЙНА,1,4,PISY,4
05:16:3,1.3,12738,СОСНА ЗВИЧАЙНА,1,4,PISY,4
05:16:1,1.7,17052,БЕРЕЗА ПОВИСЛА,1,2,BEPE,2
05:15:9,1.2,12464,БЕРЕЗА ПОВИСЛА,1,4,BEPE,2
05:15:8,17.2,177017,СОСНА ЗВИЧАЙНА,1,4,PISY,4
05:15:2,12.5,123493,СОСНА ЗВИЧАЙНА,1,4,PISY,4
05:15:5,12,122223,СОСНА ЗВИЧАЙНА,1,2,PISY,4
05:15:1,0.7,6789,СОСНА ЗВИЧАЙНА,1,4,PISY,4
05:15:3,0.4,3649,СОСНА ЗВИЧАЙНА,1,4,PISY,4
05:15:4,3.2,31531,СОСНА ЗВИЧАЙНА,1,4,PISY,4
05:15:6,3.1,31001,СОСНА ЗВИЧАЙНА,1,4,PISY,4
05:21:8,12.5,129354,СОСНА ЗВИЧАЙНА,1,4,PISY,4
05:21:10,5.6,56788,СОСНА ЗВИЧАЙНА,1,4,PISY,4
05:21:9,1,9730,СОСНА ЗВИЧАЙНА,1,4,PISY,4
05:21:1,13.5,139894,СОСНА ЗВИЧАЙНА,1,4,PISY,4
05:20:3,1.3,12765,СОСНА ЗВИЧАЙНА,1,4,PISY,4
05:20:2,7.3,76671,СОСНА ЗВИЧАЙНА,1,4,PISY,4
05:20:1,1.8,19210,СОСНА ЗВИЧАЙНА,1,4,PISY,4
05:13:1,35.3,366118,СОСНА ЗВИЧАЙНА,1,4,PISY,4
05:13:5,0.2,2211,СОСНА ЗВИЧАЙНА,1,4,PISY,4
05:13:4,0.3,2783,СОСНА ЗВИЧАЙНА,1,4,PISY,4
05:14:10,23.5,235258,СОСНА ЗВИЧАЙНА,1,4,PISY,4
05:14:4,3.3,33067,СОСНА ЗВИЧАЙНА,1,4,PISY,4
05:14:7,1.6,15798,БЕРЕЗА ПОВИСЛА,1,2,BEPE,2
05:14:2,3.4,35161,СОСНА ЗВИЧАЙНА,1,4,PISY,4
05:14:1,1.1,10999,СОСНА ЗВИЧАЙНА,1,4,PISY,4
05:11:11,17,178451,СОСНА ЗВИЧАЙНА,1,4,PISY,4
05:11:4,11.4,118992,СОСНА ЗВИЧАЙНА,1,2,PISY,4
05:11:8,1.9,19520,БЕРЕЗА ПОВИСЛА,1,2,BEPE,2
05:11:2,1.2,12194,ДУБ ЗВИЧАЙНИЙ,1,2,OTHERS,3
05:11:3,0.6,6285,БЕРЕЗА ПОВИСЛА,1,2,BEPE,2
05:11:13,0.9,9183,БЕРЕЗА ПОВИСЛА,1,4,BEPE,2
05:11:20,1.4,13886,СОСНА ЗВИЧАЙНА,1,4,PISY,4
05:11:21,0.2,2026,СОСНА ЗВИЧАЙНА,1,4,PISY,4
05:12:5,0.8,7594,СОСНА ЗВИЧАЙНА,1,4,PISY,4
05:12:2,22,218988,СОСНА ЗВИЧАЙНА,1,4,PISY,4
05:34:2,3.8,37825,СОСНА ЗВИЧАЙНА,1,4,PISY,4
05:33:2,0.7,7439,СОСНА ЗВИЧАЙНА,1,4,PISY,4
05:33:1,7.7,82574,СОСНА ЗВИЧАЙНА,1,4,PISY,4
05:36:5,6.8,69264,СОСНА ЗВИЧАЙНА,1,4,PISY,4
05:36:4,4,40382,СОСНА ЗВИЧАЙНА,1,4,PISY,4
05:36:7,0.3,3291,СОСНА ЗВИЧАЙНА,1,4,PISY,4
05:36:1,5.4,54011,СОСНА ЗВИЧАЙНА,1,4,PISY,4
05:36:2,0.6,6469,СОСНА ЗВИЧАЙНА,1,4,PISY,4
05:35:1,13.3,137721,СОСНА ЗВИЧАЙНА,1,4,PISY,4
05:35:3,1,10270,СОСНА ЗВИЧАЙНА,1,4,PISY,4
05:35:2,1.6,16450,СОСНА ЗВИЧАЙНА,1,4,PISY,4
05:34:3,7.6,76521,СОСНА ЗВИЧАЙНА,1,4,PISY,4
05:34:1,0.6,6051,СОСНА ЗВИЧАЙНА,1,4,PISY,4
05:34:7,1.8,18095,БЕРЕЗА ПОВИСЛА,1,4,BEPE,2
05:33:4,0.6,5749,СОСНА БАНКСА,1,4,PISY,4
05:32:7,8,82543,СОСНА ЗВИЧАЙНА,1,4,PISY,4
05:32:2,3.7,37924,СОСНА ЗВИЧАЙНА,1,4,PISY,4
05:32:6,2.9,29777,СОСНА ЗВИЧАЙНА,1,4,PISY,4
05:32:1,14,150122,СОСНА ЗВИЧАЙНА,1,4,PISY,4
05:32:8,2.3,22544,СОСНА ЗВИЧАЙНА,1,4,PISY,4
05:31:1,27,282792,СОСНА ЗВИЧАЙНА,1,4,PISY,4
05:31:3,1.5,13854,БІЛА АКАЦІЯ,1,2,OTHERS,3
05:31:2,0.3,2838,СОСНА ЗВИЧАЙНА,1,4,PISY,4
05:30:8,2.6,26956,СОСНА ЗВИЧАЙНА,1,4,PISY,4
05:30:1,8.5,88642,СОСНА ЗВИЧАЙНА,1,4,PISY,4
05:10:4,2.3,23280,ВІЛЬХА ЧОРНА,1,1,ALGL,1
05:10:12,0.4,4323,СОСНА ЗВИЧАЙНА,1,1,PISY,4
05:10:13,0.2,1966,ВІЛЬХА ЧОРНА,1,2,ALGL,1
05:10:18,2.1,21142,СОСНА ЗВИЧАЙНА,1,1,PISY,4
05:10:16,3.3,34216,БЕРЕЗА ПОВИСЛА,1,1,BEPE,2
05:10:17,1.7,16507,ВІЛЬХА ЧОРНА,1,1,ALGL,1
05:10:19,1.9,19309,ДУБ ЗВИЧАЙНИЙ,1,2,OTHERS,3
05:10:20,2.6,26980,СОСНА ЗВИЧАЙНА,1,1,PISY,4
05:10:9,2.8,28884,ВІЛЬХА ЧОРНА,1,3,ALGL,1
05:9:9,8.3,86230,ВІЛЬХА ЧОРНА,1,1,ALGL,1
05:9:14,3.6,38221,ВІЛЬХА ЧОРНА,1,1,ALGL,1
05:9:5,2,20499,ВІЛЬХА ЧОРНА,1,1,ALGL,1
05:9:4,1.6,14892,ВІЛЬХА ЧОРНА,1,1,ALGL,1
05:8:3,5.8,62357,СОСНА ЗВИЧАЙНА,1,4,PISY,4
05:8:15,1.5,15416,БЕРЕЗА ПОВИСЛА,1,2,BEPE,2
05:8:11,4,41736,СОСНА ЗВИЧАЙНА,1,1,PISY,4
05:8:10,1.2,11941,БЕРЕЗА ПОВИСЛА,1,4,BEPE,2
05:8:2,1.9,19395,ДУБ ЗВИЧАЙНИЙ,1,3,OTHERS,3
05:8:9,0.6,6368,СОСНА ЗВИЧАЙНА,1,1,PISY,4
05:8:5,0.8,7712,ВІЛЬХА ЧОРНА,1,1,ALGL,1
05:7:20,4.4,45785,СОСНА ЗВИЧАЙНА,1,4,PISY,4
05:7:24,9.9,103239,БЕРЕЗА ПОВИСЛА,1,4,BEPE,2
05:7:25,1.3,12749,СОСНА ЗВИЧАЙНА,1,4,PISY,4
05:7:19,1.8,17919,БЕРЕЗА ПОВИСЛА,1,4,BEPE,2
05:6:10,2.6,27230,БЕРЕЗА ПОВИСЛА,1,4,BEPE,2
05:6:15,3.2,32813,СОСНА ЗВИЧАЙНА,1,4,PISY,4
05:6:5,3.4,36053,СОСНА ЗВИЧАЙНА,1,1,PISY,4
05:6:3,1.8,19165,СОСНА ЗВИЧАЙНА,1,4,PISY,4
05:6:1,1.9,19892,БЕРЕЗА ПОВИСЛА,1,1,BEPE,2
05:6:2,0.3,3343,ВІЛЬХА ЧОРНА,1,4,ALGL,1
05:7:6,1.4,13590,СОСНА ЗВИЧАЙНА,1,2,PISY,4
05:7:4,1.7,17121,СОСНА ЗВИЧАЙНА,1,4,PISY,4
05:7:3,1.3,12728,СОСНА ЗВИЧАЙНА,1,4,PISY,4
05:5:9,4.2,42665,ВІЛЬХА ЧОРНА,1,3,ALGL,1
05:5:10,1.3,12581,БЕРЕЗА ПОВИСЛА,1,4,BEPE,2
05:5:8,2.9,29310,БЕРЕЗА ПОВИСЛА,1,3,BEPE,2
05:5:4,3.9,38453,СОСНА ЗВИЧАЙНА,1,4,PISY,4
05:5:3,2.1,21215,ВІЛЬХА ЧОРНА,1,1,ALGL,1
05:5:7,3.8,37713,СОСНА ЗВИЧАЙНА,1,4,PISY,4
05:29:1,8.4,85012,СОСНА ЗВИЧАЙНА,1,4,PISY,4
05:29:4,0.3,3243,СОСНА ЗВИЧАЙНА,1,4,PISY,4
05:2:6,3.8,38642,СОСНА ЗВИЧАЙНА,NA,4,PISY,4
05:2:12,9.9,103436,СОСНА ЗВИЧАЙНА,1,4,PISY,4
05:2:13,8.8,90114,ВІЛЬХА ЧОРНА,1,4,ALGL,1
05:2:14,5.8,59912,СОСНА ЗВИЧАЙНА,1,4,PISY,4
05:2:2,10,104781,ВІЛЬХА ЧОРНА,1,1,ALGL,1
05:2:4,2.8,29324,ВІЛЬХА ЧОРНА,1,1,ALGL,1
05:4:5,4.9,49944,ВІЛЬХА ЧОРНА,1,1,ALGL,1
05:4:2,3.4,34861,ВІЛЬХА ЧОРНА,1,1,ALGL,1
05:3:18,11.5,120997,ДУБ ЗВИЧАЙНИЙ,1,1,OTHERS,3
05:3:19,7.7,77795,ВІЛЬХА ЧОРНА,1,5,ALGL,1
05:3:3,1,10267,ОСИКА,1,5,POTR,5
05:1:8,1.8,18115,ВІЛЬХА ЧОРНА,1,1,ALGL,1
05:1:9,1.8,17791,ОСИКА,1,1,POTR,5
05:11:18,1.2,11766,БЕРЕЗА ПОВИСЛА,1,4,BEPE,2
05:12:3,2.5,24639,СОСНА ЗВИЧАЙНА,1,4,PISY,4
05:17:14,2.7,26697,БЕРЕЗА ПОВИСЛА,1,4,BEPE,2
05:17:18,0.4,4094,СОСНА ЗВИЧАЙНА,1,4,PISY,4
05:24:8,2.8,28031,СОСНА ЗВИЧАЙНА,1,4,PISY,4
05:23:10,1.1,11171,СОСНА ЗВИЧАЙНА,1,4,PISY,4
05:22:5,0.9,9414,СОСНА ЗВИЧАЙНА,1,4,PISY,4
05:22:6,2.1,21245,СОСНА ЗВИЧАЙНА,1,4,PISY,4
05:18:7,1.5,14926,ВІЛЬХА ЧОРНА,1,3,ALGL,1
05:7:12,2.7,28103,СОСНА ЗВИЧАЙНА,1,4,PISY,4
05:7:11,2,20984,БЕРЕЗА ПОВИСЛА,1,3,BEPE,2
05:6:11,0.3,2793,БЕРЕЗА ПОВИСЛА,1,4,BEPE,2
05:6:9,0.5,4977,БЕРЕЗА ПОВИСЛА,1,2,BEPE,2
05:6:7,0.9,9369,СОСНА ЗВИЧАЙНА,1,4,PISY,4
05:7:23,0.9,9059,БЕРЕЗА ПОВИСЛА,1,2,BEPE,2
05:8:7,0.2,2463,СОСНА ЗВИЧАЙНА,1,4,PISY,4
05:8:13,1.2,11887,БІЛА АКАЦІЯ,1,3,OTHERS,3
05:9:3,2.1,19849,ВІЛЬХА ЧОРНА,1,1,ALGL,1
05:4:11,3.3,33551,ВІЛЬХА ЧОРНА,1,1,ALGL,1
05:4:12,2.3,22528,ДУБ ЗВИЧАЙНИЙ,1,1,OTHERS,3
05:3:6,3.1,32377,ОСИКА,1,5,POTR,5
05:3:15,0.4,3996,ВІЛЬХА ЧОРНА,1,1,ALGL,1
05:3:23,1.1,11056,ОСИКА,1,1,POTR,5
05:3:10,1.4,13810,ВІЛЬХА ЧОРНА,1,5,ALGL,1
05:1:10,2.5,24675,ДУБ ЗВИЧАЙНИЙ,1,3,OTHERS,3
05:2:8,1.8,18170,СОСНА ЗВИЧАЙНА,1,4,PISY,4
05:33:5,2.7,28181,СОСНА ЗВИЧАЙНА,1,4,PISY,4
05:33:3,1.9,19590,СОСНА ЗВИЧАЙНА,1,4,PISY,4
05:33:6,2,20573,СОСНА ЗВИЧАЙНА,1,4,PISY,4
05:30:2,2.4,25384,СОСНА ЗВИЧАЙНА,1,4,PISY,4
05:29:6,1.1,11406,СОСНА ЗВИЧАЙНА,1,4,PISY,4
05:4:1,0.3,2732,ВІЛЬХА ЧОРНА,1,1,ALGL,1
05:2:9,19.5,205495,СОСНА ЗВИЧАЙНА,1,4,PISY,4
05:6:6,1.8,19383,СОСНА ЗВИЧАЙНА,1,1,PISY,4
05:14:3,2.8,27689,СОСНА ЗВИЧАЙНА,1,4,PISY,4
05:21:6,1.5,14724,БЕРЕЗА ПОВИСЛА,1,2,BEPE,2
05:19:8,2.8,27514,СОСНА ЗВИЧАЙНА,1,4,PISY,4
05:11:1,0.8,8266,СОСНА ЗВИЧАЙНА,1,2,PISY,4
05:25:2,6.2,61975,СОСНА ЗВИЧАЙНА,1,4,PISY,4
05:25:9,10,100018,СОСНА ЗВИЧАЙНА,1,4,PISY,4
05:25:11,3.4,33707,СОСНА ЗВИЧАЙНА,1,4,PISY,4
05:25:1,32.5,322447,СОСНА ЗВИЧАЙНА,1,4,PISY,4
05:25:4,2.4,23646,СОСНА ЗВИЧАЙНА,1,4,PISY,4
05:25:5,0.2,2061,СОСНА ЗВИЧАЙНА,1,4,PISY,4
05:26:1,4,40892,СОСНА ЗВИЧАЙНА,1,4,PISY,4
05:26:2,25.5,251361,СОСНА ЗВИЧАЙНА,1,4,PISY,4
05:28:2,0.5,4559,СОСНА ЗВИЧАЙНА,1,2,PISY,4
05:28:3,2.4,23796,СОСНА ЗВИЧАЙНА,1,4,PISY,4
05:28:5,2.7,27925,СОСНА ЗВИЧАЙНА,1,4,PISY,4
05:28:6,2.3,22661,СОСНА ЗВИЧАЙНА,1,4,PISY,4
05:28:1,10.3,108959,СОСНА ЗВИЧАЙНА,1,4,PISY,4
05:27:1,21,212765,СОСНА ЗВИЧАЙНА,1,4,PISY,4
05:28:4,5.7,58559,СОСНА ЗВИЧАЙНА,1,4,PISY,4
05:27:6,1.1,10914,СОСНА ЗВИЧАЙНА,1,4,PISY,4
05:3:7,2.1,21403,ВІЛЬХА ЧОРНА,1,3,ALGL,1
05:103:7,4.7,47235,ТОПОЛЯ ЧОРНА,1,4,POTR,5
05:103:1,3.7,37319,ТОПОЛЯ КАНАДСЬКА,1,3,POTR,5
05:102:3,1.3,13267,ТОПОЛЯ КАНАДСЬКА,1,5,POTR,5
05:102:4,2.4,24005,ТОПОЛЯ КАНАДСЬКА,1,4,POTR,5
05:100:1,1.9,18921,ТОПОЛЯ КАНАДСЬКА,1,3,POTR,5
05:104:5,0.6,5534,ТОПОЛЯ ЧОРНА,1,4,POTR,5
05:104:2,1.2,11662,ВЕРБА КОЗЯЧА,1,5,OTHERS,3
05:104:11,10,100296,ТОПОЛЯ ЧОРНА,1,5,POTR,5
05:104:7,1.1,11073,ТОПОЛЯ ЧОРНА,1,3,POTR,5
05:106:1,0.3,2979,ТОПОЛЯ ЧОРНА,1,4,POTR,5
05:40:1,2.1,20794,ТОПОЛЯ КАНАДСЬКА,1,5,POTR,5
05:40:9,0.5,4955,ВЕРБА ЛАМКА,1,5,OTHERS,3
05:39:14,0.2,2390,ВЕРБА ЛАМКА,1,4,OTHERS,3
05:39:1,2.5,25486,ДУБ ЗВИЧАЙНИЙ,1,3,OTHERS,3
05:39:3,1.4,13814,ВЕРБА ЛАМКА,1,4,OTHERS,3
05:39:8,0.3,3269,ДУБ ЗВИЧАЙНИЙ,1,4,OTHERS,3
05:39:10,0.8,8067,ДУБ ЗВИЧАЙНИЙ,1,2,OTHERS,3
05:39:7,0.1,1096,СОСНА ЗВИЧАЙНА,1,3,PISY,4
05:39:6,0.1,752,СОСНА ЗВИЧАЙНА,1,3,PISY,4
05:38:12,0.2,2483,ДУБ ЗВИЧАЙНИЙ,1,1,OTHERS,3
05:38:8,2.2,21961,ВЕРБА ЛАМКА,1,4,OTHERS,3
05:38:10,0.3,3437,ДУБ ЗВИЧАЙНИЙ,1,4,OTHERS,3
05:38:7,2.8,29128,ДУБ ЗВИЧАЙНИЙ,1,5,OTHERS,3
05:38:5,2.5,24525,ТОПОЛЯ КАНАДСЬКА,1,1,POTR,5
05:38:6,2.8,27747,ВЕРБА ЛАМКА,1,5,OTHERS,3
05:38:2,1.5,14998,ТОПОЛЯ КАНАДСЬКА,NA,5,POTR,5
05:99:4,1.7,17349,ТОПОЛЯ КАНАДСЬКА,1,4,POTR,5
05:99:1,0.9,8856,ТОПОЛЯ КАНАДСЬКА,1,4,POTR,5
05:98:5,1.3,13155,ТОПОЛЯ БІЛА,1,4,POTR,5
05:97:5,3.1,30643,ТОПОЛЯ КАНАДСЬКА,1,4,POTR,5
05:97:8,4.1,40933,ТОПОЛЯ КАНАДСЬКА,1,4,POTR,5
05:19:9,1.6,15683,СОСНА ЗВИЧАЙНА,1,4,PISY,4
05:19:10,1.3,13063,СОСНА ЗВИЧАЙНА,1,4,PISY,4
05:18:5,0.8,8284,СОСНА ЗВИЧАЙНА,1,4,PISY,4
05:96:5,1,10101,БЕРЕЗА ПОВИСЛА,1,5,BEPE,2
05:96:4,0.8,7873,СОСНА ЗВИЧАЙНА,1,3,PISY,4
05:96:7,0.4,3700,СОСНА ЗВИЧАЙНА,1,5,PISY,4
05:95:4,1.7,17340,СОСНА ЗВИЧАЙНА,1,2,PISY,4
05:95:5,1.2,11896,СОСНА ЗВИЧАЙНА,1,4,PISY,4
05:95:7,1.8,17796,СОСНА ЗВИЧАЙНА,1,3,PISY,4
05:17:4,1.6,16265,СОСНА ЗВИЧАЙНА,1,4,PISY,4
05:17:6,2.5,25295,СОСНА ЗВИЧАЙНА,1,2,PISY,4
05:17:5,0.6,5653,БЕРЕЗА ПОВИСЛА,1,4,BEPE,2
05:24:11,2.2,22270,СОСНА ЗВИЧАЙНА,1,4,PISY,4
05:24:5,1.1,10989,СОСНА ЗВИЧАЙНА,1,2,PISY,4
05:24:7,2.1,20638,СОСНА ЗВИЧАЙНА,1,4,PISY,4
05:24:1,1.1,10791,СОСНА ЗВИЧАЙНА,1,4,PISY,4
05:23:9,0.7,6941,СОСНА ЗВИЧАЙНА,1,4,PISY,4
05:23:5,0.6,5504,СОСНА ЗВИЧАЙНА,1,3,PISY,4
05:23:4,0.2,1950,БЕРЕЗА ПОВИСЛА,1,4,BEPE,2
05:17:17,0.6,6414,БЕРЕЗА ПОВИСЛА,1,2,BEPE,2
05:24:4,0.9,8757,СОСНА ЗВИЧАЙНА,1,2,PISY,4
05:24:3,0.2,2146,БЕРЕЗА ПОВИСЛА,1,4,BEPE,2
05:23:1,0.7,6571,СОСНА ЗВИЧАЙНА,1,4,PISY,4
05:22:4,0.3,2626,СОСНА ЗВИЧАЙНА,1,4,PISY,4
05:16:8,0.3,2655,СОСНА ЗВИЧАЙНА,1,4,PISY,4
05:15:7,0.4,4334,СОСНА ЗВИЧАЙНА,1,4,PISY,4
05:21:4,0.7,7256,СОСНА ЗВИЧАЙНА,1,4,PISY,4
05:21:7,2.1,20743,БЕРЕЗА ПОВИСЛА,1,2,BEPE,2
05:20:9,5.8,58844,СОСНА ЗВИЧАЙНА,1,4,PISY,4
05:20:8,0.6,5727,БІЛА АКАЦІЯ,1,4,OTHERS,3
05:20:6,2.7,26783,СОСНА ЗВИЧАЙНА,1,4,PISY,4
05:13:3,2.5,24497,СОСНА ЗВИЧАЙНА,1,4,PISY,4
05:14:8,0.4,3760,БЕРЕЗА ПОВИСЛА,1,2,BEPE,2
05:14:9,3.3,32780,СОСНА ЗВИЧАЙНА,1,4,PISY,4
05:11:12,1.5,14588,СОСНА ЗВИЧАЙНА,1,4,PISY,4
05:11:9,1.5,14616,СОСНА ЗВИЧАЙНА,1,5,PISY,4
05:11:16,5.1,53148,СОСНА ЗВИЧАЙНА,1,4,PISY,4
05:11:14,1,9863,СОСНА ЗВИЧАЙНА,1,4,PISY,4
05:11:19,3,30775,СОСНА ЗВИЧАЙНА,1,4,PISY,4
05:12:1,2.6,26131,БЕРЕЗА ПОВИСЛА,1,2,BEPE,2
05:34:5,0.5,5050,СОСНА ЗВИЧАЙНА,1,2,PISY,4
05:34:4,0.3,3343,СОСНА ЗВИЧАЙНА,1,4,PISY,4
05:34:6,4.6,47362,СОСНА ЗВИЧАЙНА,1,4,PISY,4
05:32:10,0.3,3170,БІЛА АКАЦІЯ,1,4,OTHERS,3
05:32:4,1.6,16441,СОСНА ЗВИЧАЙНА,1,4,PISY,4
05:32:9,0.6,6304,СОСНА ЗВИЧАЙНА,1,4,PISY,4
05:30:4,3.7,38702,БІЛА АКАЦІЯ,1,3,OTHERS,3
05:30:5,0.3,2946,СОСНА ЗВИЧАЙНА,1,2,PISY,4
05:30:6,0.5,5138,СОСНА ЗВИЧАЙНА,1,4,PISY,4
05:30:7,0.2,2476,СОСНА ЗВИЧАЙНА,1,2,PISY,4
05:30:3,1.1,11166,СОСНА ЗВИЧАЙНА,1,4,PISY,4
05:10:5,1,10272,ДУБ ЗВИЧАЙНИЙ,1,1,OTHERS,3
05:10:15,0.5,5179,ВІЛЬХА ЧОРНА,1,3,ALGL,1
05:10:7,0.4,3848,ДУБ ЗВИЧАЙНИЙ,1,4,OTHERS,3
05:10:8,0.3,3313,СОСНА ЗВИЧАЙНА,1,4,PISY,4
05:10:3,0.7,6521,ВІЛЬХА ЧОРНА,1,3,ALGL,1
05:9:16,1.9,19966,БЕРЕЗА ПОВИСЛА,1,1,BEPE,2
05:9:8,1.7,18051,ВІЛЬХА ЧОРНА,1,1,ALGL,1
05:9:6,1.6,16839,ВІЛЬХА ЧОРНА,1,1,ALGL,1
05:8:22,3.1,31702,ВІЛЬХА ЧОРНА,1,4,ALGL,1
05:8:19,1.4,14301,ВІЛЬХА ЧОРНА,1,3,ALGL,1
05:8:4,0.2,1799,СОСНА ЗВИЧАЙНА,1,2,PISY,4
05:8:21,2.4,24121,ВІЛЬХА ЧОРНА,1,3,ALGL,1
05:7:21,3.1,31750,СОСНА ЗВИЧАЙНА,1,4,PISY,4
05:7:26,0.6,5652,СОСНА ЗВИЧАЙНА,1,4,PISY,4
05:7:9,1.5,14804,СОСНА ЗВИЧАЙНА,1,4,PISY,4
05:7:1,1.5,14673,ВІЛЬХА ЧОРНА,1,1,ALGL,1
05:7:13,0.9,8989,БЕРЕЗА ПОВИСЛА,1,1,BEPE,2
05:7:15,0.4,4458,СОСНА ЗВИЧАЙНА,1,4,PISY,4
05:7:14,1.5,14802,СОСНА ЗВИЧАЙНА,1,4,PISY,4
05:7:16,0.1,1384,БЕРЕЗА ПОВИСЛА,1,1,BEPE,2
05:7:5,0.9,8561,БЕРЕЗА ПОВИСЛА,1,4,BEPE,2
05:6:13,0.7,7235,СОСНА ЗВИЧАЙНА,1,4,PISY,4
05:29:2,0.5,4733,СОСНА ЗВИЧАЙНА,1,4,PISY,4
05:29:7,1,10016,СОСНА ЗВИЧАЙНА,1,4,PISY,4
05:29:8,0.4,4113,СОСНА ЗВИЧАЙНА,1,4,PISY,4
05:2:7,0.4,3542,СОСНА ЗВИЧАЙНА,1,3,PISY,4
05:2:1,1.5,14699,ДУБ ЗВИЧАЙНИЙ,1,3,OTHERS,3
05:2:5,0.6,5598,ДУБ ЗВИЧАЙНИЙ,1,3,OTHERS,3
05:4:15,4.7,48410,ВІЛЬХА ЧОРНА,1,1,ALGL,1
05:4:10,2.2,22326,ВІЛЬХА ЧОРНА,1,1,ALGL,1
05:4:7,0.9,8876,ВІЛЬХА ЧОРНА,1,1,ALGL,1
05:4:18,1.1,11229,ВІЛЬХА ЧОРНА,1,2,ALGL,1
05:3:21,4.9,49628,БЕРЕЗА ПОВИСЛА,1,1,BEPE,2
05:3:20,1.6,16332,СОСНА ЗВИЧАЙНА,1,1,PISY,4
05:3:16,0.5,4846,ВІЛЬХА ЧОРНА,1,4,ALGL,1
05:3:5,1.9,19083,ВІЛЬХА ЧОРНА,1,1,ALGL,1
05:10:2,1.2,11766,ВІЛЬХА ЧОРНА,1,1,ALGL,1
05:10:1,2.4,24881,ВІЛЬХА ЧОРНА,1,3,ALGL,1
05:11:6,1.8,17595,ВІЛЬХА ЧОРНА,1,1,ALGL,1
05:17:9,1.7,17186,СОСНА ЗВИЧАЙНА,1,4,PISY,4
05:17:10,0.8,8054,СОСНА ЗВИЧАЙНА,1,2,PISY,4
05:17:8,1.7,16699,СОСНА ЗВИЧАЙНА,1,4,PISY,4
05:22:1,1.8,18232,СОСНА ЗВИЧАЙНА,1,4,PISY,4
05:20:4,1.6,15930,СОСНА ЗВИЧАЙНА,1,4,PISY,4
05:20:11,0.7,7081,СОСНА ЗВИЧАЙНА,1,4,PISY,4
05:18:8,1.3,13200,СОСНА ЗВИЧАЙНА,1,1,PISY,4
05:7:2,1.4,14024,ОСИКА,1,1,POTR,5
05:7:17,0.9,9491,СОСНА ЗВИЧАЙНА,1,4,PISY,4
05:6:8,1,9680,СОСНА ЗВИЧАЙНА,1,4,PISY,4
05:5:11,1.9,19088,БЕРЕЗА ПОВИСЛА,1,1,BEPE,2
05:9:1,1.2,12226,БЕРЕЗА ПОВИСЛА,1,4,BEPE,2
05:3:13,0.4,3588,ВІЛЬХА ЧОРНА,1,4,ALGL,1
05:1:11,2.3,23009,ВІЛЬХА ЧОРНА,1,1,ALGL,1
05:1:12,2.3,22867,ОСИКА,1,5,POTR,5
05:2:10,0.7,6886,СОСНА ЗВИЧАЙНА,1,4,PISY,4
05:2:11,0.2,2232,СОСНА ЗВИЧАЙНА,1,4,PISY,4
05:32:3,1,9640,СОСНА ЗВИЧАЙНА,1,3,PISY,4
05:34:8,0.5,5128,СОСНА ЗВИЧАЙНА,1,4,PISY,4
05:36:3,1.9,18527,СОСНА ЗВИЧАЙНА,1,4,PISY,4
05:35:4,2.7,26587,СОСНА ЗВИЧАЙНА,1,4,PISY,4
05:29:5,0.6,6462,СОСНА ЗВИЧАЙНА,1,4,PISY,4
05:8:18,0.2,1537,СОСНА ЗВИЧАЙНА,1,4,PISY,4
05:15:10,0.3,3024,СОСНА ЗВИЧАЙНА,1,4,PISY,4
05:25:8,0.8,7714,СОСНА ЗВИЧАЙНА,1,4,PISY,4
05:25:6,1.8,18480,СОСНА ЗВИЧАЙНА,1,4,PISY,4
05:25:10,4.2,42320,СОСНА ЗВИЧАЙНА,1,4,PISY,4
05:25:12,1.5,15108,СОСНА ЗВИЧАЙНА,1,3,PISY,4
05:27:3,0.8,8135,СОСНА ЗВИЧАЙНА,1,4,PISY,4
05:27:2,1.2,11798,СОСНА ЗВИЧАЙНА,1,4,PISY,4
05:27:4,1.5,15129,СОСНА ЗВИЧАЙНА,1,4,PISY,4
05:27:5,2.4,24713,СОСНА ЗВИЧАЙНА,1,4,PISY,4
06:4:5,1.7,16592,ОСИКА,1,1,POTR,5
06:4:4,0.3,3475,ВІЛЬХА ЧОРНА,1,3,ALGL,1
06:4:12,1.6,15628,ВІЛЬХА ЧОРНА,1,1,ALGL,1
06:4:1,7.4,76592,ОСИКА,1,3,POTR,5
06:4:11,0.8,8255,ДУБ ЗВИЧАЙНИЙ,1,3,OTHERS,3
06:4:13,2.2,21583,БЕРЕЗА ПОВИСЛА,1,1,BEPE,2
06:4:15,1.3,12920,БЕРЕЗА ПОВИСЛА,1,1,BEPE,2
06:4:16,0.2,2207,ДУБ ЗВИЧАЙНИЙ,1,1,OTHERS,3
06:5:9,2.2,23196,ОСИКА,1,3,POTR,5
06:5:11,1.9,20065,ДУБ ЗВИЧАЙНИЙ,1,3,OTHERS,3
06:5:14,4.3,43665,ВІЛЬХА ЧОРНА,1,1,ALGL,1
06:5:3,0.2,1530,ДУБ ЗВИЧАЙНИЙ,1,3,OTHERS,3
06:5:8,1,11095,ТОПОЛЯ ЧОРНА,1,3,POTR,5
06:5:5,0.5,5505,БЕРЕЗА ПОВИСЛА,1,3,BEPE,2
06:3:1,7.8,78093,ДУБ ЧЕРВОНИЙ,1,3,OTHERS,3
06:3:5,0.2,1721,ВЕРБА ЛАМКА,1,3,OTHERS,3
06:3:4,0.2,1851,ВІЛЬХА ЧОРНА,1,5,ALGL,1
06:3:9,2.7,26452,ВІЛЬХА ЧОРНА,1,3,ALGL,1
06:1:2,0.4,4397,ТОПОЛЯ БІЛА,1,3,POTR,5
06:1:7,1.8,19085,ТОПОЛЯ КАНАДСЬКА,1,1,POTR,5
06:1:9,2.2,22741,БІЛА АКАЦІЯ,1,1,OTHERS,3
06:2:2,3.8,38267,ДУБ ЗВИЧАЙНИЙ,1,3,OTHERS,3
06:6:6,2.2,21546,БЕРЕЗА ПОВИСЛА,1,1,BEPE,2
06:6:7,1.4,14505,ЯСЕН ЗВИЧАЙНИЙ,1,3,OTHERS,3
06:6:12,0.8,8360,ЯЛИНА ЄВРОПЕЙСЬКА,1,4,PISY,4
06:6:11,1.3,12560,ВІЛЬХА ЧОРНА,1,1,ALGL,1
06:7:14,1.6,4015,ВІЛЬХА ЧОРНА,1,3,ALGL,1
06:1:4,0.6,5860,ВІЛЬХА ЧОРНА,1,1,ALGL,1
06:7:9,2.3,7108,БЕРЕЗА ПОВИСЛА,1,3,BEPE,2
06:7:1,0.4,3567,ОСИКА,1,5,POTR,5
06:7:3,1.5,14620,ВЕРБА ЛАМКА,1,3,OTHERS,3
06:17:2,0.5,4829,ВІЛЬХА ЧОРНА,1,1,ALGL,1
06:17:5,0.7,7395,ВІЛЬХА ЧОРНА,1,1,ALGL,1
06:17:11,0.8,7916,ОСИКА,1,1,POTR,5
06:17:16,1.6,15573,ВІЛЬХА ЧОРНА,1,1,ALGL,1
06:17:24,0.8,8023,ОСИКА,1,5,POTR,5
06:2:1,0.4,4389,ДУБ ЗВИЧАЙНИЙ,1,3,OTHERS,3
06:6:1,1.1,11484,ЯСЕН ЗВИЧАЙНИЙ,1,1,OTHERS,3
06:6:13,0.8,7690,ВІЛЬХА ЧОРНА,1,1,ALGL,1
06:6:9,0.4,3977,ВЕРБА ПРУТОВИДНА,1,3,OTHERS,3
06:6:10,1.6,16508,ВІЛЬХА ЧОРНА,1,3,ALGL,1
06:17:31,2.8,28959,ДУБ ЗВИЧАЙНИЙ,1,3,OTHERS,3
06:17:33,1,10770,ОСИКА,1,5,POTR,5
06:17:10,2.5,24553,ВІЛЬХА ЧОРНА,1,1,ALGL,1
06:22:5,2,2931,ДУБ ЗВИЧАЙНИЙ,1,5,OTHERS,3
06:23:13,0.7,7000,ДУБ ЗВИЧАЙНИЙ,1,2,OTHERS,3
06:23:8,0.3,2756,БЕРЕЗА ПОВИСЛА,1,3,BEPE,2
06:23:16,1.3,9202,ДУБ ЗВИЧАЙНИЙ,1,5,OTHERS,3
06:21:2,1.9,19410,ДУБ ЗВИЧАЙНИЙ,1,3,OTHERS,3
06:21:15,1.2,12270,ОСИКА,1,4,POTR,5
06:21:16,4.6,45493,ДУБ ЗВИЧАЙНИЙ,1,3,OTHERS,3
06:21:8,1.7,17464,ДУБ ЗВИЧАЙНИЙ,1,1,OTHERS,3
06:21:9,0.2,2249,ВІЛЬХА ЧОРНА,1,1,ALGL,1
06:21:4,0.4,4143,ДУБ ЗВИЧАЙНИЙ,1,3,OTHERS,3
06:22:2,1.3,8051,ДУБ ЧЕРВОНИЙ,1,2,OTHERS,3
06:22:3,0.3,59,ДУБ ЧЕРВОНИЙ,1,3,OTHERS,3
06:22:6,7.1,20413,ДУБ ЗВИЧАЙНИЙ,1,3,OTHERS,3
06:22:6,7.1,20413,ДУБ ЗВИЧАЙНИЙ,1,3,OTHERS,3
06:23:6,0.3,3012,СОСНА ЗВИЧАЙНА,1,3,PISY,4
06:21:12,0.8,8441,ДУБ ЗВИЧАЙНИЙ,1,4,OTHERS,3
06:21:13,3.1,30744,СОСНА ЗВИЧАЙНА,1,3,PISY,4
06:21:11,2.7,27207,ДУБ ЗВИЧАЙНИЙ,1,3,OTHERS,3
06:21:10,1.9,18973,ДУБ ЗВИЧАЙНИЙ,1,3,OTHERS,3
06:16:25,0.7,7713,ВІЛЬХА ЧОРНА,1,1,ALGL,1
06:16:24,1.5,15824,ВІЛЬХА ЧОРНА,1,1,ALGL,1
06:16:23,0.2,2151,ОСИКА,1,1,POTR,5
06:16:20,1,9756,БІЛА АКАЦІЯ,1,3,OTHERS,3
06:16:21,0.4,4584,БЕРЕЗА ПОВИСЛА,1,2,BEPE,2
06:16:22,2.2,23048,ТОПОЛЯ КАНАДСЬКА,1,1,POTR,5
06:16:19,7.5,75712,ДУБ ЗВИЧАЙНИЙ,1,1,OTHERS,3
06:16:18,1.2,12457,ОСИКА,1,1,POTR,5
06:16:13,1.4,14737,ДУБ ЧЕРВОНИЙ,1,1,OTHERS,3
06:16:6,1.1,11231,ОСИКА,1,5,POTR,5
06:16:5,1.1,10784,БЕРЕЗА ПОВИСЛА,1,1,BEPE,2
06:16:7,2.1,21066,ДУБ ЗВИЧАЙНИЙ,1,1,OTHERS,3
06:16:16,0.5,5194,ДУБ ЗВИЧАЙНИЙ,1,2,OTHERS,3
06:16:2,0.6,5514,ОСИКА,1,2,POTR,5
06:16:3,1.2,12348,ДУБ ЗВИЧАЙНИЙ,1,1,OTHERS,3
06:16:11,2.4,24579,ТОПОЛЯ ЧОРНА,1,1,POTR,5
06:17:21,3.8,38175,ОСИКА,1,5,POTR,5
06:17:19,2,19924,ОСИКА,1,3,POTR,5
06:17:20,0.7,7135,ВІЛЬХА ЧОРНА,1,3,ALGL,1
06:17:26,0.3,2725,ДУБ ЗВИЧАЙНИЙ,1,2,OTHERS,3
06:17:29,0.8,7891,ВІЛЬХА ЧОРНА,1,5,ALGL,1
06:17:18,1.6,15777,ДУБ ЗВИЧАЙНИЙ,1,1,OTHERS,3
06:17:3,0.2,2299,БЕРЕЗА ПОВИСЛА,1,2,BEPE,2
06:17:12,2.7,26599,ВІЛЬХА ЧОРНА,1,1,ALGL,1
06:17:13,0.5,5090,ДУБ ЗВИЧАЙНИЙ,1,1,OTHERS,3
06:17:6,7.5,74492,ОСИКА,1,1,POTR,5
06:17:7,0.8,7978,ВІЛЬХА ЧОРНА,1,3,ALGL,1
06:3:11,2.4,24380,ВЕРБА БІЛА,1,3,OTHERS,3
06:6:15,2.4,25488,ВІЛЬХА ЧОРНА,1,3,ALGL,1
06:17:15,0.8,7707,ДУБ ЗВИЧАЙНИЙ,1,3,OTHERS,3
06:16:12,1,10155,БЕРЕЗА ПОВИСЛА,1,2,BEPE,2
06:21:5,0.4,4300,БЕРЕЗА ПОВИСЛА,1,2,BEPE,2
06:21:17,0.7,6703,ВІЛЬХА ЧОРНА,1,2,ALGL,1
06:17:14,0.9,9449,ОСИКА,1,3,POTR,5
04:125:3,2.8,28430,СОСНА ЗВИЧАЙНА,1,4,PISY,4
04:97:14,48.6,504607,СОСНА ЗВИЧАЙНА,1,4,PISY,4
04:139:14,5.4,56085,СОСНА ЗВИЧАЙНА,1,4,PISY,4
04:135:1,35.3,365447,СОСНА ЗВИЧАЙНА,1,2,PISY,4
04:104:1,30.6,315384,СОСНА ЗВИЧАЙНА,1,4,PISY,4
04:93:11,17.6,183825,СОСНА ЗВИЧАЙНА,1,4,PISY,4
04:113:12,27.5,284675,СОСНА ЗВИЧАЙНА,1,4,PISY,4
04:140:10,3.7,36583,СОСНА ЗВИЧАЙНА,NA,4,PISY,4
04:133:2,6.9,71217,СОСНА ЗВИЧАЙНА,1,4,PISY,4
04:136:3,15.2,166470,СОСНА ЗВИЧАЙНА,1,4,PISY,4
04:108:1,11.9,125450,СОСНА ЗВИЧАЙНА,1,4,PISY,4
04:108:9,6.6,66433,СОСНА ЗВИЧАЙНА,1,4,PISY,4
04:108:4,2.2,21577,СОСНА ЗВИЧАЙНА,1,2,PISY,4
04:108:13,1.1,10807,БЕРЕЗА ПОВИСЛА,1,4,BEPE,2
04:108:12,0.9,8846,СОСНА ЗВИЧАЙНА,1,4,PISY,4
04:109:9,4.4,45125,СОСНА ЗВИЧАЙНА,1,4,PISY,4
04:107:10,19.2,199091,СОСНА ЗВИЧАЙНА,1,4,PISY,4
04:107:8,0.5,5399,СОСНА ЗВИЧАЙНА,1,4,PISY,4
04:107:5,9.2,91941,БЕРЕЗА ПОВИСЛА,1,4,BEPE,2
04:107:9,1.9,18577,СОСНА ЗВИЧАЙНА,1,4,PISY,4
04:107:3,1.2,12324,СОСНА ЗВИЧАЙНА,1,4,PISY,4
04:107:2,2.5,24885,СОСНА ЗВИЧАЙНА,1,4,PISY,4
04:107:1,1.2,12237,СОСНА ЗВИЧАЙНА,1,4,PISY,4
04:106:4,27.8,286075,СОСНА ЗВИЧАЙНА,1,4,PISY,4
04:106:3,0.7,6765,СОСНА ЗВИЧАЙНА,1,4,PISY,4
04:106:2,0.2,2499,СОСНА ЗВИЧАЙНА,1,4,PISY,4
04:106:5,0.6,6132,СОСНА ЗВИЧАЙНА,1,4,PISY,4
04:102:1,6.1,64280,СОСНА ЗВИЧАЙНА,1,4,PISY,4
04:102:4,0.8,8803,СОСНА ЗВИЧАЙНА,1,4,PISY,4
04:101:1,0.3,2812,СОСНА ЗВИЧАЙНА,1,4,PISY,4
04:101:11,40.1,406918,СОСНА ЗВИЧАЙНА,1,4,PISY,4
04:101:9,3,30323,СОСНА ЗВИЧАЙНА,1,4,PISY,4
04:101:5,0.9,9391,БЕРЕЗА ПОВИСЛА,1,2,BEPE,2
04:101:3,1.1,11316,БІЛА АКАЦІЯ,1,4,OTHERS,3
04:100:8,2.4,25171,СОСНА ЗВИЧАЙНА,1,4,PISY,4
04:100:3,7,72065,СОСНА ЗВИЧАЙНА,1,4,PISY,4
04:100:9,5.3,53907,СОСНА ЗВИЧАЙНА,1,4,PISY,4
04:100:15,9.5,96740,СОСНА ЗВИЧАЙНА,1,4,PISY,4
04:100:12,3.3,34155,СОСНА ЗВИЧАЙНА,1,4,PISY,4
04:96:2,21.2,225747,СОСНА ЗВИЧАЙНА,1,4,PISY,4
04:96:3,2.1,21112,СОСНА ЗВИЧАЙНА,1,4,PISY,4
04:122:8,9.4,94282,СОСНА ЗВИЧАЙНА,1,4,PISY,4
04:122:3,5.5,55059,СОСНА ЗВИЧАЙНА,1,4,PISY,4
04:122:13,0.6,6277,СОСНА ЗВИЧАЙНА,1,4,PISY,4
04:122:12,8,79992,СОСНА ЗВИЧАЙНА,1,4,PISY,4
04:122:10,1,9992,СОСНА ЗВИЧАЙНА,1,4,PISY,4
04:121:3,16.6,182867,СОСНА ЗВИЧАЙНА,1,4,PISY,4
04:121:4,1.6,15528,СОСНА ЗВИЧАЙНА,1,4,PISY,4
04:121:2,1.4,13727,СОСНА ЗВИЧАЙНА,1,4,PISY,4
04:120:1,8.6,90761,СОСНА ЗВИЧАЙНА,1,4,PISY,4
04:120:7,9,92960,СОСНА ЗВИЧАЙНА,1,4,PISY,4
04:120:2,3.3,33143,СОСНА ЗВИЧАЙНА,1,4,PISY,4
04:112:5,0.5,4789,БЕРЕЗА ПОВИСЛА,1,2,BEPE,2
04:112:4,12.9,142217,СОСНА ЗВИЧАЙНА,1,4,PISY,4
04:112:2,2.9,28740,СОСНА ЗВИЧАЙНА,1,4,PISY,4
04:112:9,4.1,40601,СОСНА ЗВИЧАЙНА,1,4,PISY,4
04:112:8,0.4,4129,СОСНА ЗВИЧАЙНА,1,4,PISY,4
04:112:16,4.3,43097,СОСНА ЗВИЧАЙНА,1,4,PISY,4
04:111:11,19.5,195147,СОСНА ЗВИЧАЙНА,1,4,PISY,4
04:111:4,11.1,124883,СОСНА ЗВИЧАЙНА,1,4,PISY,4
04:110:7,2.6,25804,СОСНА ЗВИЧАЙНА,1,4,PISY,4
04:129:8,19,216453,БЕРЕЗА ПОВИСЛА,1,4,BEPE,2
04:129:7,8,80213,БЕРЕЗА ПОВИСЛА,1,4,BEPE,2
04:129:5,8.4,84463,СОСНА ЗВИЧАЙНА,1,4,PISY,4
04:129:6,0.4,3510,СОСНА ЗВИЧАЙНА,1,4,PISY,4
04:129:3,11.9,110441,СОСНА ЗВИЧАЙНА,1,4,PISY,4
04:129:1,2.1,21375,СОСНА ЗВИЧАЙНА,1,4,PISY,4
04:134:7,0.6,6198,БЕРЕЗА ПОВИСЛА,1,2,BEPE,2
04:134:11,11.6,115723,СОСНА ЗВИЧАЙНА,1,4,PISY,4
04:134:4,3.1,30705,БЕРЕЗА ПОВИСЛА,1,2,BEPE,2
04:134:13,6.2,62212,СОСНА ЗВИЧАЙНА,1,4,PISY,4
04:126:7,0.8,8254,СОСНА ЗВИЧАЙНА,1,4,PISY,4
04:126:6,20.5,209657,СОСНА ЗВИЧАЙНА,1,4,PISY,4
04:125:1,18.3,203338,СОСНА ЗВИЧАЙНА,1,4,PISY,4
04:125:7,7.8,77788,СОСНА ЗВИЧАЙНА,1,4,PISY,4
04:125:9,20.8,207683,СОСНА ЗВИЧАЙНА,1,4,PISY,4
04:125:2,7.1,70844,СОСНА ЗВИЧАЙНА,1,4,PISY,4
04:124:2,3.9,39073,БЕРЕЗА ПОВИСЛА,1,4,BEPE,2
04:124:1,39.3,408161,СОСНА ЗВИЧАЙНА,1,4,PISY,4
04:136:2,7.3,73103,СОСНА ЗВИЧАЙНА,1,2,PISY,4
04:136:1,7.2,72357,СОСНА ЗВИЧАЙНА,1,4,PISY,4
04:136:4,10.8,108172,СОСНА ЗВИЧАЙНА,1,4,PISY,4
04:136:5,7.4,74239,СОСНА ЗВИЧАЙНА,1,4,PISY,4
04:137:1,40.3,415450,СОСНА ЗВИЧАЙНА,1,4,PISY,4
04:137:7,1.2,11700,СОСНА ЗВИЧАЙНА,1,4,PISY,4
04:134:9,4.3,43312,СОСНА ЗВИЧАЙНА,1,4,PISY,4
04:134:6,0.5,4685,СОСНА ЗВИЧАЙНА,1,2,PISY,4
04:134:1,0.3,3165,СОСНА ЗВИЧАЙНА,1,4,PISY,4
04:134:2,0.6,5985,БЕРЕЗА ПОВИСЛА,1,2,BEPE,2
04:135:2,1.9,19038,БЕРЕЗА ПОВИСЛА,1,2,BEPE,2
04:137:5,2.5,25190,СОСНА ЗВИЧАЙНА,1,4,PISY,4
04:137:2,0.6,5957,БЕРЕЗА ПОВИСЛА,1,2,BEPE,2
04:138:6,2,20394,БЕРЕЗА ПОВИСЛА,1,4,BEPE,2
04:138:7,1.2,12132,СОСНА ЗВИЧАЙНА,1,4,PISY,4
04:138:8,1.2,12489,СОСНА ЗВИЧАЙНА,1,2,PISY,4
04:139:3,0.6,7367,СОСНА ЗВИЧАЙНА,1,4,PISY,4
04:139:13,1.3,14017,СОСНА ЗВИЧАЙНА,1,4,PISY,4
04:139:9,1.6,16611,СОСНА ЗВИЧАЙНА,1,2,PISY,4
04:140:4,2.4,24092,СОСНА ЗВИЧАЙНА,1,4,PISY,4
04:140:5,3,29603,БЕРЕЗА ПОВИСЛА,1,4,BEPE,2
04:140:9,4,39546,СОСНА ЗВИЧАЙНА,1,4,PISY,4
04:131:7,2.1,22168,СОСНА ЗВИЧАЙНА,1,4,PISY,4
04:131:13,0.8,7707,БІЛА АКАЦІЯ,1,2,OTHERS,3
04:131:15,0.3,3436,БІЛА АКАЦІЯ,1,3,OTHERS,3
04:130:11,3.3,32909,СОСНА ЗВИЧАЙНА,1,2,PISY,4
04:130:13,8.9,91520,БЕРЕЗА ПОВИСЛА,1,4,BEPE,2
04:131:10,0.9,10320,СОСНА ЗВИЧАЙНА,1,4,PISY,4
04:130:4,0.3,4104,СОСНА ЗВИЧАЙНА,1,2,PISY,4
04:130:8,0.4,4900,БІЛА АКАЦІЯ,1,2,OTHERS,3
04:130:7,0.7,7935,СОСНА ЗВИЧАЙНА,1,2,PISY,4
04:131:4,0.5,5397,СОСНА ЗВИЧАЙНА,1,2,PISY,4
04:125:5,0.2,1721,БЕРЕЗА ПОВИСЛА,1,2,BEPE,2
04:125:4,1.6,15652,СОСНА ЗВИЧАЙНА,1,4,PISY,4
04:129:4,1,10127,БЕРЕЗА ПОВИСЛА,1,2,BEPE,2
04:129:9,1.9,18792,БЕРЕЗА ПОВИСЛА,1,4,BEPE,2
04:126:5,4,39848,СОСНА ЗВИЧАЙНА,1,4,PISY,4
04:126:3,3.6,36042,СОСНА ЗВИЧАЙНА,1,4,PISY,4
04:126:2,0.4,4118,СОСНА ЗВИЧАЙНА,1,4,PISY,4
04:126:8,1,9747,СОСНА ЗВИЧАЙНА,1,4,PISY,4
04:133:12,3.1,31657,СОСНА ЗВИЧАЙНА,1,4,PISY,4
04:133:16,1.2,11701,СОСНА ЗВИЧАЙНА,1,4,PISY,4
04:133:14,2.5,25351,СОСНА ЗВИЧАЙНА,1,4,PISY,4
04:133:15,0.9,8965,СОСНА ЗВИЧАЙНА,1,4,PISY,4
04:133:17,1.2,11685,СОСНА ЗВИЧАЙНА,1,4,PISY,4
04:128:1,8.1,84052,СОСНА ЗВИЧАЙНА,1,4,PISY,4
04:128:6,0.3,3479,БЕРЕЗА ПОВИСЛА,1,2,BEPE,2
04:123:7,0.5,4893,БЕРЕЗА ПОВИСЛА,1,4,BEPE,2
04:123:9,3,29775,СОСНА ЗВИЧАЙНА,1,4,PISY,4
04:123:10,1.5,14709,СОСНА ЗВИЧАЙНА,1,4,PISY,4
04:127:13,1.3,12899,СОСНА ЗВИЧАЙНА,1,4,PISY,4
04:127:7,1.2,13038,СОСНА ЗВИЧАЙНА,1,4,PISY,4
04:127:17,7.1,71447,БЕРЕЗА ПОВИСЛА,1,2,BEPE,2
04:127:3,0.5,4771,СОСНА ЗВИЧАЙНА,1,4,PISY,4
04:127:18,1.8,17961,СОСНА ЗВИЧАЙНА,1,2,PISY,4
04:122:1,2.5,26425,СОСНА ЗВИЧАЙНА,1,4,PISY,4
04:121:7,8.9,88628,СОСНА ЗВИЧАЙНА,1,4,PISY,4
04:120:5,0.3,3172,СОСНА ЗВИЧАЙНА,1,4,PISY,4
04:112:7,4.5,44920,СОСНА ЗВИЧАЙНА,1,2,PISY,4
04:112:6,0.4,3668,БЕРЕЗА ПОВИСЛА,1,2,BEPE,2
04:112:3,1.7,17048,БЕРЕЗА ПОВИСЛА,1,2,BEPE,2
04:112:14,1.6,15958,СОСНА ЗВИЧАЙНА,1,4,PISY,4
04:112:11,1,9902,СОСНА ЗВИЧАЙНА,1,4,PISY,4
04:111:12,2.1,21377,СОСНА ЗВИЧАЙНА,1,4,PISY,4
04:111:15,4.2,41618,СОСНА ЗВИЧАЙНА,1,4,PISY,4
04:111:13,1.6,15902,ДУБ ЧЕРВОНИЙ,1,4,OTHERS,3
04:111:7,1.5,14582,СОСНА ЗВИЧАЙНА,1,4,PISY,4
04:111:9,0.6,6286,СОСНА ЗВИЧАЙНА,1,4,PISY,4
04:110:12,2.6,26258,СОСНА ЗВИЧАЙНА,1,4,PISY,4
04:110:10,2.2,22214,СОСНА ЗВИЧАЙНА,1,2,PISY,4
04:110:5,1.2,11544,СОСНА ЗВИЧАЙНА,1,2,PISY,4
04:110:4,2.3,23194,СОСНА ЗВИЧАЙНА,1,2,PISY,4
04:111:14,0.6,6050,СОСНА ЗВИЧАЙНА,1,2,PISY,4
04:111:1,4,39542,СОСНА ЗВИЧАЙНА,1,4,PISY,4
04:101:7,0.7,6653,СОСНА ЗВИЧАЙНА,1,4,PISY,4
04:101:4,1.2,11726,СОСНА ЗВИЧАЙНА,1,4,PISY,4
04:100:7,2.8,29609,СОСНА ЗВИЧАЙНА,1,4,PISY,4
04:100:6,2,21485,СОСНА ЗВИЧАЙНА,1,2,PISY,4
04:100:13,0.3,3059,СОСНА ЗВИЧАЙНА,1,4,PISY,4
04:99:1,0.6,6154,СОСНА ЗВИЧАЙНА,1,4,PISY,4
04:99:3,0.9,9058,СОСНА ЗВИЧАЙНА,1,4,PISY,4
04:98:9,1.4,14459,СОСНА ЗВИЧАЙНА,1,4,PISY,4
04:98:3,4.4,43927,СОСНА ЗВИЧАЙНА,1,4,PISY,4
04:98:12,0.2,2369,СОСНА ЗВИЧАЙНА,1,3,PISY,4
04:97:5,5.7,57214,СОСНА ЗВИЧАЙНА,1,4,PISY,4
04:97:17,2,19748,СОСНА ЗВИЧАЙНА,1,4,PISY,4
04:97:9,3,30875,СОСНА ЗВИЧАЙНА,1,4,PISY,4
04:97:7,1.7,16888,СОСНА ЗВИЧАЙНА,1,4,PISY,4
04:98:5,0.6,6372,СОСНА ЗВИЧАЙНА,1,2,PISY,4
04:96:1,1.3,13308,СОСНА ЗВИЧАЙНА,1,4,PISY,4
04:95:3,1.7,17142,СОСНА ЗВИЧАЙНА,1,4,PISY,4
04:93:4,2.9,29066,СОСНА ЗВИЧАЙНА,1,4,PISY,4
04:93:5,1.3,13157,СОСНА ЗВИЧАЙНА,1,4,PISY,4
04:93:13,1.6,16281,СОСНА ЗВИЧАЙНА,1,4,PISY,4
04:93:14,0.4,3945,СОСНА ЗВИЧАЙНА,1,3,PISY,4
04:94:3,8.4,85796,СОСНА ЗВИЧАЙНА,1,4,PISY,4
04:94:9,0.8,7884,СОСНА ЗВИЧАЙНА,1,4,PISY,4
04:94:7,0.3,3152,СОСНА ЗВИЧАЙНА,1,4,PISY,4
04:92:4,0.3,3047,СОСНА ЗВИЧАЙНА,1,4,PISY,4
04:92:1,1.9,18689,СОСНА ЗВИЧАЙНА,1,4,PISY,4
04:113:15,2.5,24629,БЕРЕЗА ПОВИСЛА,1,4,BEPE,2
04:113:6,0.4,3682,СОСНА ЗВИЧАЙНА,1,4,PISY,4
04:113:5,0.5,5280,БЕРЕЗА ПОВИСЛА,1,4,BEPE,2
04:113:9,1,9760,СОСНА ЗВИЧАЙНА,1,2,PISY,4
04:114:4,1.1,11027,СОСНА ЗВИЧАЙНА,1,2,PISY,4
04:114:8,2.6,26400,СОСНА ЗВИЧАЙНА,1,2,PISY,4
04:114:12,0.3,2906,БЕРЕЗА ПОВИСЛА,1,2,BEPE,2
04:114:10,1,9941,СОСНА ЗВИЧАЙНА,1,4,PISY,4
04:114:2,0.3,2955,СОСНА ЗВИЧАЙНА,1,4,PISY,4
04:114:3,0.2,2399,БЕРЕЗА ПОВИСЛА,1,4,BEPE,2
04:114:9,0.6,6088,СОСНА ЗВИЧАЙНА,1,2,PISY,4
04:114:6,2.5,24682,БЕРЕЗА ПОВИСЛА,1,4,BEPE,2
04:114:5,0.7,7420,БЕРЕЗА ПОВИСЛА,1,2,BEPE,2
04:104:2,2.9,28921,СОСНА ЗВИЧАЙНА,1,4,PISY,4
04:104:3,4.5,44653,СОСНА ЗВИЧАЙНА,1,4,PISY,4
04:115:2,3.1,30868,БЕРЕЗА ПОВИСЛА,1,2,BEPE,2
04:115:1,0.8,7557,СОСНА ЗВИЧАЙНА,1,4,PISY,4
04:115:6,0.9,8549,СОСНА ЗВИЧАЙНА,1,4,PISY,4
04:105:5,1.1,10550,СОСНА ЗВИЧАЙНА,1,4,PISY,4
04:105:13,1.1,10711,БЕРЕЗА ПОВИСЛА,1,2,BEPE,2
04:105:9,1.3,12856,СОСНА ЗВИЧАЙНА,1,4,PISY,4
04:105:8,1.1,11296,БЕРЕЗА ПОВИСЛА,1,2,BEPE,2
04:105:15,1.4,13994,БЕРЕЗА ПОВИСЛА,1,2,BEPE,2
04:105:14,0.7,7284,СОСНА ЗВИЧАЙНА,1,4,PISY,4
04:105:1,0.3,3038,СОСНА ЗВИЧАЙНА,1,4,PISY,4
04:106:1,2.4,23521,СОСНА ЗВИЧАЙНА,1,4,PISY,4
04:106:8,2.6,25908,СОСНА ЗВИЧАЙНА,1,4,PISY,4
04:116:5,0.4,4104,БЕРЕЗА ПОВИСЛА,1,2,BEPE,2
04:116:4,0.6,6074,БЕРЕЗА ПОВИСЛА,1,2,BEPE,2
04:117:9,0.7,6538,ВІЛЬХА ЧОРНА,1,2,ALGL,1
04:117:11,1.6,15921,СОСНА ЗВИЧАЙНА,1,4,PISY,4
04:107:4,1.1,11280,СОСНА ЗВИЧАЙНА,1,4,PISY,4
04:108:11,2.1,21294,СОСНА ЗВИЧАЙНА,1,4,PISY,4
04:108:10,1.2,12449,ВІЛЬХА ЧОРНА,1,1,ALGL,1
04:108:16,3.8,37728,СОСНА ЗВИЧАЙНА,1,4,PISY,4
04:118:1,7.8,78927,СОСНА ЗВИЧАЙНА,1,4,PISY,4
04:118:4,0.4,4460,ВІЛЬХА ЧОРНА,1,1,ALGL,1
04:118:7,0.3,2906,СОСНА ЗВИЧАЙНА,1,2,PISY,4
04:102:12,2,20624,СОСНА ЗВИЧАЙНА,1,4,PISY,4
04:107:6,0.5,5273,СОСНА ЗВИЧАЙНА,1,4,PISY,4
04:108:2,0.2,1746,СОСНА ЗВИЧАЙНА,1,4,PISY,4
04:123:3,1.5,14867,СОСНА ЗВИЧАЙНА,1,4,PISY,4
04:123:2,1.1,10991,БЕРЕЗА ПОВИСЛА,1,2,BEPE,2
04:97:12,4.2,41644,СОСНА ЗВИЧАЙНА,1,4,PISY,4
04:93:2,0.4,3500,БЕРЕЗА ПОВИСЛА,1,2,BEPE,2
04:95:7,1.2,11802,СОСНА ЗВИЧАЙНА,1,4,PISY,4
04:95:8,2.1,20767,СОСНА ЗВИЧАЙНА,1,4,PISY,4
04:94:1,3.1,30739,СОСНА ЗВИЧАЙНА,1,4,PISY,4
04:140:6,1,10135,СОСНА ЗВИЧАЙНА,1,2,PISY,4
04:140:8,8.4,83631,СОСНА ЗВИЧАЙНА,1,4,PISY,4
04:138:1,1.9,18916,СОСНА ЗВИЧАЙНА,1,4,PISY,4
04:138:3,5.9,59099,СОСНА ЗВИЧАЙНА,1,4,PISY,4
04:138:12,9.9,98616,СОСНА ЗВИЧАЙНА,1,4,PISY,4
04:138:11,0.7,6932,СОСНА ЗВИЧАЙНА,1,4,PISY,4
04:138:2,28,301912,СОСНА ЗВИЧАЙНА,1,4,PISY,4
04:139:6,2.5,25671,СОСНА ЗВИЧАЙНА,1,4,PISY,4
04:139:12,0.8,9209,СОСНА ЗВИЧАЙНА,1,4,PISY,4
04:139:16,2.3,22912,СОСНА ЗВИЧАЙНА,1,4,PISY,4
04:139:15,5.1,52767,СОСНА ЗВИЧАЙНА,1,4,PISY,4
04:139:10,4.9,52394,СОСНА ЗВИЧАЙНА,1,4,PISY,4
04:130:1,5,51153,СОСНА ЗВИЧАЙНА,1,4,PISY,4
04:130:5,2,21926,СОСНА ЗВИЧАЙНА,1,4,PISY,4
04:130:10,7.5,78120,СОСНА ЗВИЧАЙНА,1,2,PISY,4
04:130:15,1.1,10944,БІЛА АКАЦІЯ,1,2,OTHERS,3
04:131:3,0.7,7040,БЕРЕЗА ПОВИСЛА,1,2,BEPE,2
04:131:1,5,52396,БЕРЕЗА ПОВИСЛА,1,4,BEPE,2
04:131:16,1.6,17221,БЕРЕЗА ПОВИСЛА,1,2,BEPE,2
04:131:14,5.6,57751,СОСНА ЗВИЧАЙНА,1,4,PISY,4
04:131:12,9.5,97775,СОСНА ЗВИЧАЙНА,1,4,PISY,4
04:132:6,1.8,18905,СОСНА ЗВИЧАЙНА,1,4,PISY,4
04:132:5,6.2,63646,СОСНА ЗВИЧАЙНА,1,4,PISY,4
04:132:4,3.8,38527,СОСНА ЗВИЧАЙНА,1,4,PISY,4
04:132:2,2.8,29118,СОСНА ЗВИЧАЙНА,1,4,PISY,4
04:132:1,4.6,48359,СОСНА ЗВИЧАЙНА,1,4,PISY,4
04:133:1,2.4,25068,СОСНА ЗВИЧАЙНА,1,4,PISY,4
04:133:5,1.5,15783,СОСНА ЗВИЧАЙНА,1,4,PISY,4
04:133:8,4.1,42759,СОСНА ЗВИЧАЙНА,1,4,PISY,4
04:133:11,7.5,77376,СОСНА ЗВИЧАЙНА,1,4,PISY,4
04:128:9,1.5,15500,ТОПОЛЯ КАНАДСЬКА,1,4,POTR,5
04:127:16,2.5,24538,СОСНА ЗВИЧАЙНА,1,4,PISY,4
04:127:14,3.5,36117,СОСНА ЗВИЧАЙНА,1,4,PISY,4
04:127:12,7.7,77981,СОСНА ЗВИЧАЙНА,1,4,PISY,4
04:127:11,1.3,14264,СОСНА ЗВИЧАЙНА,1,4,PISY,4
04:127:9,3.6,35604,СОСНА ЗВИЧАЙНА,1,4,PISY,4
04:127:5,7.8,82241,СОСНА ЗВИЧАЙНА,1,4,PISY,4
04:127:10,3.4,34531,СОСНА ЗВИЧАЙНА,1,4,PISY,4
04:116:2,3,29752,СОСНА ЗВИЧАЙНА,1,4,PISY,4
04:116:1,1.3,13106,СОСНА ЗВИЧАЙНА,1,4,PISY,4
04:116:3,33.4,347335,СОСНА ЗВИЧАЙНА,1,4,PISY,4
04:116:6,1,10436,СОСНА ЗВИЧАЙНА,1,4,PISY,4
04:116:7,0.7,6675,СОСНА ЗВИЧАЙНА,1,4,PISY,4
04:117:1,2.6,25672,СОСНА ЗВИЧАЙНА,1,4,PISY,4
04:117:5,5.6,56459,СОСНА ЗВИЧАЙНА,1,4,PISY,4
04:117:3,1.2,11729,СОСНА ЗВИЧАЙНА,1,4,PISY,4
04:117:10,2.6,26473,СОСНА ЗВИЧАЙНА,1,2,PISY,4
04:117:6,4.1,40991,СОСНА ЗВИЧАЙНА,1,4,PISY,4
04:117:8,1.6,15960,БЕРЕЗА ПОВИСЛА,1,1,BEPE,2
04:117:7,1.3,13210,ДУБ ЗВИЧАЙНИЙ,1,1,OTHERS,3
04:117:2,10.8,118069,СОСНА ЗВИЧАЙНА,1,4,PISY,4
04:118:5,0.3,3421,БЕРЕЗА ПОВИСЛА,1,2,BEPE,2
04:118:3,0.8,7841,СОСНА ЗВИЧАЙНА,1,1,PISY,4
04:118:2,2.2,22928,СОСНА ЗВИЧАЙНА,1,4,PISY,4
04:119:11,0.4,3624,СОСНА ЗВИЧАЙНА,1,2,PISY,4
04:119:10,1.3,13193,ДУБ ЗВИЧАЙНИЙ,1,4,OTHERS,3
04:119:9,0.3,3072,ВІЛЬХА ЧОРНА,1,2,ALGL,1
04:119:15,1.7,17528,СОСНА ЗВИЧАЙНА,1,4,PISY,4
04:119:3,0.7,6543,ТОПОЛЯ КАНАДСЬКА,1,1,POTR,5
04:119:19,0.1,852,ТОПОЛЯ ЧОРНА,1,2,POTR,5
04:119:2,0.1,1446,СОСНА ЗВИЧАЙНА,1,3,PISY,4
04:119:1,1.4,11845,СОСНА ЗВИЧАЙНА,1,4,PISY,4
04:119:18,0.8,8080,ДУБ ЗВИЧАЙНИЙ,1,2,OTHERS,3
04:119:17,1.6,16912,ВІЛЬХА ЧОРНА,1,4,ALGL,1
04:119:4,0.2,1960,ДУБ ЗВИЧАЙНИЙ,1,1,OTHERS,3
04:115:3,3.3,32656,СОСНА ЗВИЧАЙНА,1,4,PISY,4
04:115:5,0.9,9300,СОСНА ЗВИЧАЙНА,1,4,PISY,4
04:123:4,23.7,247124,СОСНА ЗВИЧАЙНА,1,4,PISY,4
04:103:1,0.2,2045,СОСНА ЗВИЧАЙНА,1,4,PISY,4
04:103:3,0.8,8131,БЕРЕЗА ПОВИСЛА,1,4,BEPE,2
04:103:2,38.4,388189,СОСНА ЗВИЧАЙНА,1,4,PISY,4
04:105:3,5.6,56440,СОСНА ЗВИЧАЙНА,1,4,PISY,4
04:105:2,0.4,3755,СОСНА ЗВИЧАЙНА,1,4,PISY,4
04:105:4,14.1,146333,СОСНА ЗВИЧАЙНА,1,4,PISY,4
04:105:11,1.4,13846,СОСНА ЗВИЧАЙНА,1,4,PISY,4
04:115:12,4.1,41037,СОСНА ЗВИЧАЙНА,1,4,PISY,4
04:115:8,10.1,100689,СОСНА ЗВИЧАЙНА,1,4,PISY,4
04:115:11,16.1,173924,СОСНА ЗВИЧАЙНА,1,4,PISY,4
04:114:15,0.4,4049,СОСНА ЗВИЧАЙНА,1,4,PISY,4
04:114:1,9.9,98715,СОСНА ЗВИЧАЙНА,1,4,PISY,4
04:114:11,21.4,223275,СОСНА ЗВИЧАЙНА,1,4,PISY,4
04:114:14,2.8,27914,СОСНА ЗВИЧАЙНА,1,4,PISY,4
04:113:3,0.9,8586,БЕРЕЗА ПОВИСЛА,1,2,BEPE,2
04:113:4,2.4,24371,СОСНА ЗВИЧАЙНА,1,4,PISY,4
04:113:7,7.7,77361,СОСНА ЗВИЧАЙНА,1,4,PISY,4
04:113:2,7.4,73896,СОСНА ЗВИЧАЙНА,1,4,PISY,4
04:99:11,0.8,7509,СОСНА ЗВИЧАЙНА,1,4,PISY,4
04:99:10,0.3,2757,СОСНА ЗВИЧАЙНА,1,4,PISY,4
04:99:4,3.5,35048,СОСНА ЗВИЧАЙНА,1,4,PISY,4
04:99:12,0.8,8255,СОСНА ЗВИЧАЙНА,1,4,PISY,4
04:99:2,1.4,14248,СОСНА ЗВИЧАЙНА,1,4,PISY,4
04:99:8,4.6,45762,СОСНА ЗВИЧАЙНА,1,4,PISY,4
04:99:13,0.3,2882,СОСНА ЗВИЧАЙНА,1,4,PISY,4
04:98:6,4.8,47835,СОСНА ЗВИЧАЙНА,1,4,PISY,4
04:98:11,0.4,4146,БЕРЕЗА ПОВИСЛА,1,2,BEPE,2
04:98:7,2.4,23594,СОСНА ЗВИЧАЙНА,1,4,PISY,4
04:97:18,4,39870,СОСНА ЗВИЧАЙНА,1,4,PISY,4
04:97:16,0.8,7919,СОСНА ЗВИЧАЙНА,1,4,PISY,4
04:97:8,1.6,16097,СОСНА ЗВИЧАЙНА,1,4,PISY,4
04:97:13,1.9,18921,БЕРЕЗА ПОВИСЛА,1,4,BEPE,2
04:97:4,3.4,34359,СОСНА ЗВИЧАЙНА,1,4,PISY,4
04:99:6,22.5,242978,СОСНА ЗВИЧАЙНА,1,4,PISY,4
04:99:7,1.4,14233,СОСНА ЗВИЧАЙНА,1,4,PISY,4
04:97:10,0.5,5130,СОСНА ЗВИЧАЙНА,1,4,PISY,4
04:97:1,1.8,17708,СОСНА ЗВИЧАЙНА,1,4,PISY,4
04:97:20,0.3,2914,СОСНА ЗВИЧАЙНА,1,4,PISY,4
04:95:10,4.8,48246,СОСНА ЗВИЧАЙНА,1,4,PISY,4
04:95:11,3.8,38324,СОСНА ЗВИЧАЙНА,1,4,PISY,4
04:95:4,4.3,43222,СОСНА ЗВИЧАЙНА,1,4,PISY,4
04:95:5,13.4,141986,СОСНА ЗВИЧАЙНА,1,4,PISY,4
04:95:6,0.8,7564,БЕРЕЗА ПОВИСЛА,1,4,BEPE,2
04:94:10,4.3,43656,СОСНА ЗВИЧАЙНА,1,4,PISY,4
04:94:4,5.9,60090,СОСНА ЗВИЧАЙНА,1,4,PISY,4
04:93:16,0.6,5902,СОСНА ЗВИЧАЙНА,1,2,PISY,4
04:93:7,2.4,24048,БЕРЕЗА ПОВИСЛА,1,2,BEPE,2
04:93:17,1.5,15008,СОСНА ЗВИЧАЙНА,1,4,PISY,4
04:93:20,2.4,23556,БЕРЕЗА ПОВИСЛА,1,4,BEPE,2
04:93:10,0.9,9034,БІЛА АКАЦІЯ,1,4,OTHERS,3
04:92:3,3.7,37456,СОСНА ЗВИЧАЙНА,1,4,PISY,4
04:92:6,13,141452,СОСНА ЗВИЧАЙНА,1,4,PISY,4
04:92:7,32.1,320853,СОСНА ЗВИЧАЙНА,1,4,PISY,4
04:114:7,2.3,22659,БЕРЕЗА ПОВИСЛА,1,4,BEPE,2
04:104:6,6.4,64186,СОСНА ЗВИЧАЙНА,1,4,PISY,4
04:102:2,7.3,75530,СОСНА ЗВИЧАЙНА,1,4,PISY,4
04:90:9,23.8,256121,СОСНА ЗВИЧАЙНА,1,4,PISY,4
04:89:9,19.2,204489,СОСНА ЗВИЧАЙНА,1,4,PISY,4
04:85:1,9.7,107985,СОСНА ЗВИЧАЙНА,1,4,PISY,4
04:84:15,8,89590,СОСНА ЗВИЧАЙНА,1,4,PISY,4
04:84:16,5.9,59209,СОСНА ЗВИЧАЙНА,1,4,PISY,4
04:84:5,0.6,5739,СОСНА ЗВИЧАЙНА,1,4,PISY,4
04:84:20,0.2,2124,СОСНА ЗВИЧАЙНА,1,4,PISY,4
04:85:13,8,90919,СОСНА ЗВИЧАЙНА,1,2,PISY,4
04:85:14,3,31128,СОСНА ЗВИЧАЙНА,1,4,PISY,4
04:85:8,1.7,16615,СОСНА ЗВИЧАЙНА,1,4,PISY,4
04:85:10,2.4,23614,СОСНА ЗВИЧАЙНА,1,4,PISY,4
04:85:3,1.8,18618,БЕРЕЗА ПОВИСЛА,1,2,BEPE,2
04:86:5,31.2,332787,СОСНА ЗВИЧАЙНА,1,4,PISY,4
04:81:1,57.6,602674,СОСНА ЗВИЧАЙНА,1,4,PISY,4
04:89:1,6.4,64332,СОСНА ЗВИЧАЙНА,1,4,PISY,4
04:89:2,1.1,13854,СОСНА ЗВИЧАЙНА,1,4,PISY,4
04:89:5,1.2,11833,СОСНА ЗВИЧАЙНА,1,4,PISY,4
04:90:10,0.4,3925,СОСНА ЗВИЧАЙНА,1,4,PISY,4
04:90:8,10.4,104181,СОСНА ЗВИЧАЙНА,1,4,PISY,4
04:90:2,6.7,67327,БЕРЕЗА ПОВИСЛА,1,4,BEPE,2
04:90:1,1.1,10948,СОСНА ЗВИЧАЙНА,1,4,PISY,4
04:88:5,46.6,466204,СОСНА ЗВИЧАЙНА,1,2,PISY,4
04:88:4,10,118004,СОСНА ЗВИЧАЙНА,1,4,PISY,4
04:88:3,1.6,15996,СОСНА ЗВИЧАЙНА,1,4,PISY,4
04:88:6,6.7,66839,СОСНА ЗВИЧАЙНА,1,4,PISY,4
04:88:7,2.6,26303,СОСНА ЗВИЧАЙНА,1,4,PISY,4
04:88:8,1.6,16282,СОСНА ЗВИЧАЙНА,1,4,PISY,4
04:88:10,3.3,32699,СОСНА ЗВИЧАЙНА,1,4,PISY,4
04:88:11,1.5,15324,СОСНА ЗВИЧАЙНА,1,4,PISY,4
04:89:6,2.8,28457,СОСНА ЗВИЧАЙНА,1,4,PISY,4
04:89:10,0.5,4998,СОСНА ЗВИЧАЙНА,1,4,PISY,4
04:89:11,0.4,4065,СОСНА ЗВИЧАЙНА,1,4,PISY,4
04:91:4,0.4,3666,СОСНА ЗВИЧАЙНА,1,4,PISY,4
04:84:2,0.5,5360,СОСНА ЗВИЧАЙНА,1,4,PISY,4
04:85:4,1,10587,СОСНА ЗВИЧАЙНА,1,2,PISY,4
04:85:6,2.1,22321,БЕРЕЗА ПОВИСЛА,1,4,BEPE,2
04:86:1,8.9,88804,СОСНА ЗВИЧАЙНА,1,4,PISY,4
04:86:2,1,10343,СОСНА ЗВИЧАЙНА,1,4,PISY,4
04:86:3,0.3,3065,БЕРЕЗА ПОВИСЛА,1,2,BEPE,2
04:77:9,0.5,5443,ДУБ ЗВИЧАЙНИЙ,1,3,OTHERS,3
04:81:2,0.8,7858,БЕРЕЗА ПОВИСЛА,1,2,BEPE,2
04:87:13,4.6,46452,БЕРЕЗА ПОВИСЛА,1,2,BEPE,2
04:87:11,2.8,28126,СОСНА ЗВИЧАЙНА,1,4,PISY,4
04:87:7,3.1,30553,СОСНА ЗВИЧАЙНА,1,2,PISY,4
04:87:6,1.3,13455,СОСНА ЗВИЧАЙНА,1,2,PISY,4
04:87:1,0.4,4325,СОСНА ЗВИЧАЙНА,1,2,PISY,4
04:80:6,3.3,32633,СОСНА ЗВИЧАЙНА,1,4,PISY,4
04:84:4,3.4,35050,СОСНА ЗВИЧАЙНА,1,4,PISY,4
04:84:9,3.9,39701,СОСНА ЗВИЧАЙНА,1,4,PISY,4
04:88:2,1.1,11125,БЕРЕЗА ПОВИСЛА,1,2,BEPE,2
04:82:4,4.8,47531,СОСНА ЗВИЧАЙНА,1,4,PISY,4
04:77:6,0.5,5233,СОСНА ЗВИЧАЙНА,1,4,PISY,4
04:77:7,0.5,4572,СОСНА ЗВИЧАЙНА,1,2,PISY,4
04:77:8,0.3,3263,БЕРЕЗА ПОВИСЛА,1,2,BEPE,2
04:78:8,1.1,12441,БІЛА АКАЦІЯ,1,4,OTHERS,3
04:86:6,1.1,10637,СОСНА ЗВИЧАЙНА,1,2,PISY,4
04:76:2,2.4,23623,СОСНА ЗВИЧАЙНА,1,2,PISY,4
04:90:3,1,10263,СОСНА ЗВИЧАЙНА,1,4,PISY,4
04:91:12,2.6,25851,СОСНА ЗВИЧАЙНА,1,4,PISY,4
04:91:13,0.7,6962,СОСНА ЗВИЧАЙНА,1,4,PISY,4
04:91:1,2.1,20675,СОСНА ЗВИЧАЙНА,1,4,PISY,4
04:91:16,2.4,24461,СОСНА ЗВИЧАЙНА,1,4,PISY,4
04:91:3,18.5,198426,СОСНА ЗВИЧАЙНА,1,4,PISY,4
04:83:1,35.1,364810,СОСНА ЗВИЧАЙНА,1,4,PISY,4
04:80:7,3.2,31886,СОСНА ЗВИЧАЙНА,1,4,PISY,4
04:80:1,2.2,22777,СОСНА ЗВИЧАЙНА,1,4,PISY,4
04:80:2,2.2,22144,СОСНА ЗВИЧАЙНА,1,4,PISY,4
04:80:3,4.7,46947,СОСНА ЗВИЧАЙНА,1,4,PISY,4
04:80:4,2.5,24922,СОСНА ЗВИЧАЙНА,1,4,PISY,4
04:80:5,4.6,45551,СОСНА ЗВИЧАЙНА,1,4,PISY,4
04:79:1,1.7,16547,ВІЛЬХА ЧОРНА,1,2,ALGL,1
04:79:7,1.4,13804,СОСНА ЗВИЧАЙНА,1,4,PISY,4
04:79:6,5.3,53416,СОСНА ЗВИЧАЙНА,1,2,PISY,4
04:79:4,0.5,5352,СОСНА ЗВИЧАЙНА,1,1,PISY,4
04:79:5,10.9,120544,СОСНА ЗВИЧАЙНА,1,2,PISY,4
04:78:7,1.5,15013,ВІЛЬХА ЧОРНА,1,4,ALGL,1
04:78:1,6.3,69397,СОСНА ЗВИЧАЙНА,1,4,PISY,4
04:77:1,1,9549,СОСНА ЗВИЧАЙНА,1,4,PISY,4
04:77:2,1.1,11008,СОСНА ЗВИЧАЙНА,1,4,PISY,4
04:77:3,8.7,86537,СОСНА ЗВИЧАЙНА,1,4,PISY,4
04:77:5,4.1,41364,СОСНА ЗВИЧАЙНА,1,4,PISY,4
04:77:4,11.1,126386,СОСНА ЗВИЧАЙНА,1,4,PISY,4
04:77:10,9.3,93092,БЕРЕЗА ПОВИСЛА,1,3,BEPE,2
04:76:3,0.8,8053,СОСНА ЗВИЧАЙНА,1,4,PISY,4
04:76:1,19.2,196361,СОСНА ЗВИЧАЙНА,1,4,PISY,4
04:82:1,0.4,3846,СОСНА ЗВИЧАЙНА,1,4,PISY,4
04:87:8,0.1,1335,БЕРЕЗА ПОВИСЛА,1,4,BEPE,2
04:87:12,11.1,111008,СОСНА ЗВИЧАЙНА,1,4,PISY,4
04:87:4,1.9,18807,СОСНА ЗВИЧАЙНА,1,2,PISY,4
04:87:9,19.6,208071,СОСНА ЗВИЧАЙНА,1,4,PISY,4
04:109:2,0.6,5083,СОСНА ЗВИЧАЙНА,1,2,PISY,4
04:109:1,1.1,10068,СОСНА ЗВИЧАЙНА,1,4,PISY,4
04:112:1,3.5,35008,СОСНА ЗВИЧАЙНА,1,4,PISY,4
04:111:10,3.1,30531,СОСНА ЗВИЧАЙНА,1,4,PISY,4
04:110:11,5.2,52403,СОСНА ЗВИЧАЙНА,1,4,PISY,4
04:134:8,0.8,8135,СОСНА ЗВИЧАЙНА,1,4,PISY,4
04:126:4,1,9524,СОСНА ЗВИЧАЙНА,1,4,PISY,4
04:128:2,3.2,32333,СОСНА ЗВИЧАЙНА,1,4,PISY,4
04:128:7,3.7,37280,СОСНА ЗВИЧАЙНА,1,4,PISY,4
04:128:10,2.7,27158,СОСНА ЗВИЧАЙНА,1,2,PISY,4
04:121:8,0.5,4716,СОСНА ЗВИЧАЙНА,1,4,PISY,4
04:111:3,3.1,30535,СОСНА ЗВИЧАЙНА,1,4,PISY,4
04:101:6,0.8,7990,СОСНА ЗВИЧАЙНА,1,4,PISY,4
04:127:2,2.8,28068,СОСНА ЗВИЧАЙНА,1,4,PISY,4
04:119:22,2.1,21166,СОСНА ЗВИЧАЙНА,1,4,PISY,4
04:97:11,2.5,23973,СОСНА ЗВИЧАЙНА,1,4,PISY,4
04:93:8,6.5,65407,СОСНА ЗВИЧАЙНА,1,4,PISY,4
04:93:9,5.2,51826,СОСНА ЗВИЧАЙНА,1,4,PISY,4
04:95:2,0.9,9104,СОСНА ЗВИЧАЙНА,1,4,PISY,4
04:113:13,2.6,25735,БЕРЕЗА ПОВИСЛА,1,4,BEPE,2
04:113:14,0.2,2273,СОСНА ЗВИЧАЙНА,1,4,PISY,4
04:105:12,1,10467,БЕРЕЗА ПОВИСЛА,1,4,BEPE,2
04:117:4,1.3,12610,СОСНА ЗВИЧАЙНА,1,4,PISY,4
04:133:10,1.1,12137,СОСНА ЗВИЧАЙНА,1,2,PISY,4
04:133:4,0.4,5354,СОСНА ЗВИЧАЙНА,1,2,PISY,4
04:132:9,2.9,30841,ОСИКА,1,4,POTR,5
04:139:11,2.8,28057,СОСНА ЗВИЧАЙНА,1,2,PISY,4
04:139:2,8.7,91333,СОСНА ЗВИЧАЙНА,1,2,PISY,4
04:140:1,1.6,16144,СОСНА ЗВИЧАЙНА,1,4,PISY,4
04:124:4,4.9,48898,БЕРЕЗА ПОВИСЛА,1,4,BEPE,2
04:121:9,4.3,42595,БЕРЕЗА ПОВИСЛА,1,4,BEPE,2
04:95:1,0.9,8683,СОСНА ЗВИЧАЙНА,1,2,PISY,4
04:95:9,1.8,17749,СОСНА ЗВИЧАЙНА,1,4,PISY,4
04:93:6,1.2,11570,СОСНА ЗВИЧАЙНА,1,4,PISY,4
04:93:12,1.4,13678,СОСНА ЗВИЧАЙНА,1,4,PISY,4
04:94:2,3.7,37460,СОСНА ЗВИЧАЙНА,1,4,PISY,4
04:101:10,0.4,3720,СОСНА ЗВИЧАЙНА,1,4,PISY,4
04:102:6,1,9998,СОСНА ЗВИЧАЙНА,1,4,PISY,4
04:102:7,0.8,7901,СОСНА ЗВИЧАЙНА,1,4,PISY,4
04:102:8,0.5,4951,СОСНА ЗВИЧАЙНА,1,4,PISY,4
04:102:3,0.3,2770,СОСНА ЗВИЧАЙНА,1,4,PISY,4
04:119:8,0.3,950,БЕРЕЗА ПОВИСЛА,1,2,BEPE,2
04:108:6,0.1,1309,БЕРЕЗА ПОВИСЛА,1,4,BEPE,2
04:108:15,5.7,57045,СОСНА ЗВИЧАЙНА,1,4,PISY,4
04:105:6,1.1,10810,БЕРЕЗА ПОВИСЛА,1,4,BEPE,2
04:115:10,3.1,31370,СОСНА ЗВИЧАЙНА,1,4,PISY,4
04:113:1,3.7,36975,СОСНА ЗВИЧАЙНА,1,4,PISY,4
04:113:11,1.3,13465,СОСНА ЗВИЧАЙНА,1,4,PISY,4
04:93:3,0.3,3090,СОСНА ЗВИЧАЙНА,1,2,PISY,4
04:97:25,1,9822,СОСНА ЗВИЧАЙНА,1,4,PISY,4
04:98:1,4.7,47226,СОСНА ЗВИЧАЙНА,1,4,PISY,4
04:98:2,0.7,6990,СОСНА ЗВИЧАЙНА,1,4,PISY,4
04:98:10,0.7,6778,СОСНА ЗВИЧАЙНА,1,2,PISY,4
04:99:9,0.5,5014,СОСНА ЗВИЧАЙНА,1,4,PISY,4
04:100:4,2.6,25591,ОСИКА,1,4,POTR,5
04:101:2,0.5,5269,СОСНА ЗВИЧАЙНА,1,4,PISY,4
04:110:13,2.3,22512,СОСНА ЗВИЧАЙНА,1,4,PISY,4
04:110:1,1.4,14227,СОСНА ЗВИЧАЙНА,1,2,PISY,4
04:121:1,2.5,25328,СОСНА ЗВИЧАЙНА,1,4,PISY,4
04:122:11,5.8,57563,СОСНА ЗВИЧАЙНА,1,4,PISY,4
04:127:4,5.6,55773,СОСНА ЗВИЧАЙНА,1,4,PISY,4
04:123:5,1.5,14646,СОСНА ЗВИЧАЙНА,1,2,PISY,4
04:128:3,0.7,6580,СОСНА ЗВИЧАЙНА,1,4,PISY,4
04:128:11,0.6,4201,СОСНА ЗВИЧАЙНА,1,4,PISY,4
04:128:5,1.8,18430,СОСНА ЗВИЧАЙНА,1,4,PISY,4
04:130:6,1.3,12818,СОСНА ЗВИЧАЙНА,1,2,PISY,4
04:130:14,3.3,33703,БІЛА АКАЦІЯ,1,4,OTHERS,3
04:131:9,1.4,13743,СОСНА ЗВИЧАЙНА,1,4,PISY,4
04:131:8,1.4,14089,БЕРЕЗА ПОВИСЛА,1,4,BEPE,2
04:131:11,1.6,15993,БЕРЕЗА ПОВИСЛА,1,4,BEPE,2
04:140:3,4.8,48408,СОСНА ЗВИЧАЙНА,1,4,PISY,4
04:139:4,2.8,27926,СОСНА ЗВИЧАЙНА,1,4,PISY,4
04:138:10,1.8,17544,СОСНА ЗВИЧАЙНА,1,4,PISY,4
04:139:5,4.1,40856,СОСНА ЗВИЧАЙНА,1,4,PISY,4
04:139:1,3,29541,СОСНА ЗВИЧАЙНА,1,2,PISY,4
04:138:9,2.3,22649,СОСНА ЗВИЧАЙНА,1,4,PISY,4
04:138:4,4.2,41896,СОСНА ЗВИЧАЙНА,1,4,PISY,4
04:137:6,0.6,5958,БЕРЕЗА ПОВИСЛА,1,4,BEPE,2
04:137:4,6.8,67556,СОСНА ЗВИЧАЙНА,1,4,PISY,4
04:135:3,1,9571,СОСНА ЗВИЧАЙНА,1,2,PISY,4
04:137:3,0.2,1854,СОСНА ЗВИЧАЙНА,1,4,PISY,4
04:112:12,5.5,54493,СОСНА ЗВИЧАЙНА,1,4,PISY,4
04:120:4,0.8,8120,БЕРЕЗА ПОВИСЛА,1,4,BEPE,2
04:122:5,1.2,11720,СОСНА ЗВИЧАЙНА,1,4,PISY,4
04:100:1,1.3,13437,СОСНА ЗВИЧАЙНА,1,4,PISY,4
04:107:12,1,9756,СОСНА ЗВИЧАЙНА,1,2,PISY,4
04:107:11,0.5,5288,СОСНА ЗВИЧАЙНА,1,4,PISY,4
04:84:8,4.6,45753,СОСНА ЗВИЧАЙНА,1,4,PISY,4
04:84:17,0.4,3852,СОСНА ЗВИЧАЙНА,1,4,PISY,4
04:84:6,3,30862,СОСНА ЗВИЧАЙНА,1,4,PISY,4
04:84:18,1.3,13084,СОСНА ЗВИЧАЙНА,1,4,PISY,4
04:85:15,2.5,25395,СОСНА ЗВИЧАЙНА,1,4,PISY,4
04:84:7,1,11304,СОСНА ЗВИЧАЙНА,1,4,PISY,4
04:91:20,2.5,24620,СОСНА ЗВИЧАЙНА,1,4,PISY,4
04:79:3,0.3,3355,СОСНА ЗВИЧАЙНА,1,4,PISY,4
04:79:2,0.3,3132,ВІЛЬХА ЧОРНА,1,2,ALGL,1
04:91:18,0.2,1538,СОСНА ЗВИЧАЙНА,1,2,PISY,4
04:89:12,1.7,16960,СОСНА ЗВИЧАЙНА,1,4,PISY,4
04:88:12,3.4,33640,СОСНА ЗВИЧАЙНА,1,4,PISY,4
04:91:2,5.6,56471,СОСНА ЗВИЧАЙНА,1,4,PISY,4
04:91:5,0.8,7859,СОСНА ЗВИЧАЙНА,1,4,PISY,4
04:91:15,4,39814,СОСНА ЗВИЧАЙНА,1,4,PISY,4
04:91:8,0.4,4398,СОСНА ЗВИЧАЙНА,1,2,PISY,4
04:87:10,4.4,43621,СОСНА ЗВИЧАЙНА,1,4,PISY,4
04:78:2,0.9,9403,СОСНА ЗВИЧАЙНА,1,4,PISY,4
04:88:9,3.4,34111,СОСНА ЗВИЧАЙНА,1,4,PISY,4
04:84:10,0.9,8539,СОСНА ЗВИЧАЙНА,1,4,PISY,4
04:84:3,6.7,67031,СОСНА ЗВИЧАЙНА,1,4,PISY,4
04:90:4,2.2,21566,СОСНА ЗВИЧАЙНА,1,2,PISY,4
04:89:7,2.4,24125,СОСНА ЗВИЧАЙНА,1,4,PISY,4
04:89:3,0.6,5864,СОСНА ЗВИЧАЙНА,1,4,PISY,4
04:89:4,1.6,16272,СОСНА ЗВИЧАЙНА,1,4,PISY,4
04:78:3,1.3,12502,СОСНА ЗВИЧАЙНА,1,4,PISY,4
04:78:4,1.3,13120,ВІЛЬХА ЧОРНА,1,4,ALGL,1
03:24:10,24,282838,СОСНА ЗВИЧАЙНА,1,4,PISY,4
03:1:4,0.8,8069,СОСНА ЗВИЧАЙНА,1,4,PISY,4
03:1:3,2.7,28361,СОСНА ЗВИЧАЙНА,1,4,PISY,4
03:96:7,1.7,19327,ТОПОЛЯ ЧОРНА,1,5,POTR,5
03:96:4,2.2,24363,ВЕРБА БІЛА,1,2,OTHERS,3
03:96:5,0.4,4995,ТОПОЛЯ ЧОРНА,1,4,POTR,5
03:96:2,12,138226,ВЕРБА БІЛА,1,2,OTHERS,3
03:95:9,7.8,82225,ВЕРБА ПРУТОВИДНА,1,3,OTHERS,3
03:95:10,9.3,97873,ВЕРБА ПРУТОВИДНА,1,3,OTHERS,3
03:95:11,0.8,8252,ТОПОЛЯ ПІРАМІДАЛЬНА,1,3,OTHERS,3
03:95:7,5.2,56147,ТОПОЛЯ БАЛЬЗАМІЧНА,1,1,POTR,5
03:95:8,1.8,19946,ВЕРБА БІЛА,1,4,OTHERS,3
03:95:5,5,53506,ВЕРБА ПРУТОВИДНА,1,1,OTHERS,3
03:95:3,2.1,23824,ВЕРБА ПРУТОВИДНА,1,4,OTHERS,3
03:95:4,0.4,4026,ВЕРБА БІЛА,1,4,OTHERS,3
03:95:2,2.2,25140,ТОПОЛЯ ЧОРНА,1,4,POTR,5
03:95:1,0.5,4528,ТОПОЛЯ ЧОРНА,1,4,POTR,5
03:94:9,3,30583,СОСНА ЗВИЧАЙНА,1,5,PISY,4
03:94:6,10,122146,ТОПОЛЯ ЧОРНА,1,4,POTR,5
03:94:7,1.3,12799,ВЕРБА ПРУТОВИДНА,1,4,OTHERS,3
03:94:5,16,191447,ВЕРБА ПРУТОВИДНА,1,1,OTHERS,3
03:94:4,10,127280,ВЕРБА БІЛА,1,3,OTHERS,3
03:94:3,3.1,32072,ТОПОЛЯ ЧОРНА,NA,4,POTR,5
03:94:2,12,157085,ВЕРБА БІЛА,1,4,OTHERS,3
03:93:8,2.3,23376,ВЕРБА ПРУТОВИДНА,1,3,OTHERS,3
03:93:10,4.3,42702,СОСНА ЗВИЧАЙНА,1,4,PISY,4
03:93:9,5.1,50883,ВЕРБА БІЛА,1,4,OTHERS,3
03:93:2,4.2,42404,ВЕРБА БІЛА,1,3,OTHERS,3
03:93:1,2.1,20510,ТОПОЛЯ ЧОРНА,1,3,POTR,5
03:93:4,2.6,26075,ВЕРБА ПРУТОВИДНА,1,2,OTHERS,3
03:93:6,0.4,3646,ВЕРБА ПРУТОВИДНА,1,4,OTHERS,3
03:93:5,2,19651,ВЕРБА БІЛА,1,1,OTHERS,3
03:91:4,6.5,64877,ТОПОЛЯ ЧОРНА,1,4,POTR,5
03:91:6,2.7,26867,ВЕРБА БІЛА,1,3,OTHERS,3
03:91:3,4.1,40681,ВЕРБА БІЛА,1,3,OTHERS,3
03:91:1,5.5,55057,ВЕРБА БІЛА,1,5,OTHERS,3
03:90:3,1.6,16397,ВЕРБА БІЛА,1,3,OTHERS,3
03:90:7,16,163756,ВЕРБА ПРУТОВИДНА,1,3,OTHERS,3
03:90:2,9.9,97305,ВЕРБА ПРУТОВИДНА,NA,3,OTHERS,3
03:90:6,1.9,18672,ВЕРБА БІЛА,1,4,OTHERS,3
03:90:4,3,29506,ВЕРБА БІЛА,1,3,OTHERS,3
03:88:5,1.9,19049,ВЕРБА ПРУТОВИДНА,1,1,OTHERS,3
03:88:3,9.9,98404,ТОПОЛЯ ЧОРНА,1,4,POTR,5
03:88:4,0.2,1879,ТОПОЛЯ БАЛЬЗАМІЧНА,1,4,POTR,5
03:89:6,1.1,10719,ВЕРБА ПРУТОВИДНА,1,5,OTHERS,3
03:89:5,4.1,40793,ТОПОЛЯ ЧОРНА,1,1,POTR,5
03:89:4,4.5,45202,ТОПОЛЯ ЧОРНА,1,3,POTR,5
03:89:2,1.2,11590,ВЕРБА БІЛА,1,3,OTHERS,3
03:86:5,4.3,43478,ТОПОЛЯ ЧОРНА,1,5,POTR,5
03:86:6,1,10405,ТОПОЛЯ ЧОРНА,1,4,POTR,5
03:86:4,1.1,11333,ТОПОЛЯ БАЛЬЗАМІЧНА,1,2,POTR,5
03:86:2,2.8,28389,ВЕРБА БІЛА,1,4,OTHERS,3
03:86:3,3.8,38637,ВЕРБА БІЛА,1,1,OTHERS,3
03:87:5,1.4,14951,ВЕРБА БІЛА,1,1,OTHERS,3
03:87:4,3.4,36128,ВЕРБА ПРУТОВИДНА,1,1,OTHERS,3
03:87:3,1.7,17582,ТОПОЛЯ ЧОРНА,1,4,POTR,5
03:87:1,1.3,13726,ТОПОЛЯ ЧОРНА,1,1,POTR,5
03:85:1,4.1,43232,ВЕРБА ПРУТОВИДНА,1,3,OTHERS,3
03:84:5,3.3,34114,ВЕРБА БІЛА,1,3,OTHERS,3
03:84:3,3.2,32055,ВЕРБА БІЛА,1,1,OTHERS,3
03:84:1,5.3,54877,ТОПОЛЯ БАЛЬЗАМІЧНА,1,2,POTR,5
03:84:2,3.2,33040,ТОПОЛЯ ЧОРНА,1,1,POTR,5
03:83:1,3.1,30797,ТОПОЛЯ КАНАДСЬКА,1,3,POTR,5
03:83:2,2.9,28698,ВЕРБА ПРУТОВИДНА,1,4,OTHERS,3
03:82:4,15.5,172865,ВЕРБА ПРУТОВИДНА,1,1,OTHERS,3
03:82:2,1.7,17180,ВЕРБА ПРУТОВИДНА,1,4,OTHERS,3
03:81:5,0.7,7515,ТОПОЛЯ БАЛЬЗАМІЧНА,1,1,POTR,5
03:81:2,2.3,25423,ВЕРБА ПРУТОВИДНА,1,3,OTHERS,3
03:81:1,1,10949,ТОПОЛЯ ЧОРНА,1,3,POTR,5
03:81:3,1.5,16026,ТОПОЛЯ БАЛЬЗАМІЧНА,1,4,POTR,5
03:76:5,7.4,79278,СОСНА ЗВИЧАЙНА,1,4,PISY,4
03:76:3,2.1,23059,СОСНА ЗВИЧАЙНА,1,4,PISY,4
03:76:2,9.3,99702,СОСНА ЗВИЧАЙНА,1,4,PISY,4
03:75:4,5.7,61314,СОСНА ЗВИЧАЙНА,1,4,PISY,4
03:75:6,5.1,55279,СОСНА ЗВИЧАЙНА,1,4,PISY,4
03:75:10,1.5,17138,СОСНА ЗВИЧАЙНА,1,4,PISY,4
03:75:11,1.1,10521,СОСНА ЗВИЧАЙНА,1,4,PISY,4
03:78:6,3.6,39762,СОСНА ЗВИЧАЙНА,1,4,PISY,4
03:78:3,3.1,35338,СОСНА ЗВИЧАЙНА,1,4,PISY,4
03:78:5,4.6,51008,СОСНА ЗВИЧАЙНА,1,4,PISY,4
03:74:5,8.7,86187,СОСНА ЗВИЧАЙНА,1,4,PISY,4
03:74:6,5,48725,СОСНА ЗВИЧАЙНА,1,4,PISY,4
03:74:4,4.6,45208,СОСНА ЗВИЧАЙНА,1,4,PISY,4
03:74:3,3.8,38213,СОСНА ЗВИЧАЙНА,1,4,PISY,4
03:74:2,4.1,41352,СОСНА ЗВИЧАЙНА,1,4,PISY,4
03:74:1,0.8,8200,СОСНА ЗВИЧАЙНА,1,4,PISY,4
03:72:3,28,281596,СОСНА ЗВИЧ. У ВОГН. КОР. ГУБ.,1,4,PISY,4
03:71:8,1,10214,СОСНА ЗВИЧАЙНА,1,4,PISY,4
03:71:6,6.8,69717,СОСНА ЗВИЧАЙНА,1,4,PISY,4
03:70:2,2.4,24452,СОСНА ЗВИЧАЙНА,1,4,PISY,4
03:70:3,0.6,5920,СОСНА ЗВИЧАЙНА,1,4,PISY,4
03:69:3,5.6,54941,СОСНА ЗВИЧАЙНА,1,4,PISY,4
03:69:7,4.2,40729,СОСНА ЗВИЧАЙНА,1,4,PISY,4
03:69:6,2.3,22804,СОСНА ЗВИЧАЙНА,1,4,PISY,4
03:69:10,5.6,54868,СОСНА ЗВИЧАЙНА,1,4,PISY,4
03:69:2,0.2,1646,СОСНА ЗВИЧАЙНА,1,4,PISY,4
03:67:3,5.5,57472,СОСНА ЗВИЧАЙНА,1,4,PISY,4
03:67:4,0.8,9446,СОСНА ЗВИЧАЙНА,1,4,PISY,4
03:67:5,0.5,5076,СОСНА ЗВИЧАЙНА,1,4,PISY,4
03:67:6,0.7,8210,СОСНА ЗВИЧАЙНА,1,4,PISY,4
03:67:2,2.3,24240,СОСНА ЗВИЧАЙНА,1,4,PISY,4
03:67:1,0.8,7511,СОСНА ЗВИЧАЙНА,1,4,PISY,4
03:66:5,11,106723,СОСНА ЗВИЧАЙНА,1,4,PISY,4
03:62:2,16,166726,СОСНА ЗВИЧАЙНА,1,4,PISY,4
03:61:2,13.5,136378,СОСНА ЗВИЧАЙНА,1,4,PISY,4
03:61:9,3.5,35252,СОСНА ЗВИЧАЙНА,1,4,PISY,4
03:61:8,1.4,14136,СОСНА ЗВИЧАЙНА,1,4,PISY,4
03:61:7,1.1,11444,СОСНА ЗВИЧАЙНА,1,4,PISY,4
03:60:5,1.7,16730,СОСНА ЗВИЧАЙНА,1,4,PISY,4
03:59:8,7.3,75124,СОСНА ЗВИЧАЙНА,1,4,PISY,4
03:59:5,3.2,31055,СОСНА ЗВИЧАЙНА,1,4,PISY,4
03:58:4,6.6,67960,СОСНА ЗВИЧАЙНА,1,4,PISY,4
03:56:8,15.5,161776,СОСНА ЗВИЧАЙНА,1,4,PISY,4
03:56:6,2.1,20598,СОСНА ЗВИЧАЙНА,1,4,PISY,4
03:56:9,1.3,12683,СОСНА ЗВИЧАЙНА,1,4,PISY,4
03:56:5,3.3,34112,СОСНА ЗВИЧАЙНА,1,4,PISY,4
03:56:3,2.2,21598,СОСНА ЗВИЧАЙНА,1,4,PISY,4
03:56:4,2.7,27682,СОСНА ЗВИЧАЙНА,1,4,PISY,4
03:56:2,5.2,53751,СОСНА ЗВИЧАЙНА,1,4,PISY,4
03:55:10,2.7,28438,СОСНА ЗВИЧАЙНА,1,4,PISY,4
03:55:12,1.6,17343,СОСНА ЗВИЧАЙНА,1,4,PISY,4
03:55:11,1,10491,СОСНА ЗВИЧАЙНА,1,4,PISY,4
03:55:9,3.7,38457,СОСНА ЗВИЧАЙНА,1,4,PISY,4
03:54:8,8.7,88977,СОСНА ЗВИЧАЙНА,1,4,PISY,4
03:54:7,1.1,11489,СОСНА ЗВИЧАЙНА,1,4,PISY,4
03:53:4,6.1,64358,СОСНА ЗВИЧАЙНА,1,4,PISY,4
03:53:2,1.6,17122,СОСНА ЗВИЧАЙНА,1,4,PISY,4
03:49:2,7.8,80196,СОСНА ЗВИЧАЙНА,1,4,PISY,4
03:49:3,4.8,50201,СОСНА ЗВИЧАЙНА,1,4,PISY,4
03:43:7,0.6,5907,СОСНА ЗВИЧАЙНА,1,4,PISY,4
03:43:6,1.7,17595,СОСНА ЗВИЧАЙНА,1,4,PISY,4
03:43:3,2.5,27244,СОСНА ЗВИЧАЙНА,1,4,PISY,4
03:41:5,3.5,33592,СОСНА ЗВИЧАЙНА,1,4,PISY,4
03:57:7,7.2,73728,СОСНА ЗВИЧАЙНА,1,4,PISY,4
03:57:9,9.3,95736,СОСНА ЗВИЧАЙНА,1,4,PISY,4
03:57:1,7.2,73683,СОСНА ЗВИЧАЙНА,1,4,PISY,4
03:51:4,0.1,1485,СОСНА ЗВИЧАЙНА,1,4,PISY,4
03:51:3,0.1,1470,СОСНА ЗВИЧАЙНА,1,4,PISY,4
03:51:2,6.7,69074,СОСНА ЗВИЧАЙНА,1,4,PISY,4
03:50:3,12,126129,СОСНА ЗВИЧАЙНА,1,4,PISY,4
03:50:2,6.5,67460,СОСНА ЗВИЧАЙНА,1,4,PISY,4
03:50:5,5,51022,СОСНА ЗВИЧАЙНА,1,4,PISY,4
03:50:10,3.5,36063,СОСНА ЗВИЧАЙНА,1,4,PISY,4
03:45:10,1.9,19896,БЕРЕЗА ПОВИСЛА,1,4,BEPE,2
03:44:17,1.5,16380,СОСНА ЗВИЧАЙНА,1,4,PISY,4
03:44:2,5,49773,БЕРЕЗА ПОВИСЛА,1,1,BEPE,2
03:38:7,6.1,63027,СОСНА ЗВИЧАЙНА,1,4,PISY,4
03:38:9,2.2,22784,СОСНА ЗВИЧАЙНА,1,5,PISY,4
03:39:9,0.7,7244,СОСНА ЗВИЧАЙНА,1,4,PISY,4
03:39:6,0.3,2501,БЕРЕЗА ПОВИСЛА,1,4,BEPE,2
03:39:7,0.2,2240,ВІЛЬХА ЧОРНА,1,2,ALGL,1
03:39:4,1,10348,СОСНА ЗВИЧАЙНА,1,1,PISY,4
03:39:5,0.2,1950,ВІЛЬХА ЧОРНА,1,4,ALGL,1
03:37:6,1.8,18456,ВІЛЬХА ЧОРНА,1,1,ALGL,1
03:37:3,8.4,85949,СОСНА ЗВИЧАЙНА,1,1,PISY,4
03:33:15,0.8,7649,СОСНА ЗВИЧ. У ВОГН. КОР. ГУБ.,1,4,PISY,4
03:33:16,0.2,2447,СОСНА ЗВИЧАЙНА,1,4,PISY,4
03:34:3,14,148324,СОСНА ЗВИЧ. У ВОГН. КОР. ГУБ.,1,4,PISY,4
03:34:1,1.1,10850,СОСНА ЗВИЧАЙНА,1,4,PISY,4
03:34:2,4.5,46212,СОСНА ЗВИЧ. У ВОГН. КОР. ГУБ.,1,4,PISY,4
03:34:7,6.2,62305,СОСНА ЗВИЧАЙНА,1,4,PISY,4
03:34:6,1.5,15485,СОСНА ЗВИЧАЙНА,1,4,PISY,4
03:34:5,0.5,5292,СОСНА ЗВИЧАЙНА,1,4,PISY,4
03:33:14,0.6,5268,СОСНА ЗВИЧАЙНА,1,1,PISY,4
03:33:11,1,9646,СОСНА ЗВИЧАЙНА,1,4,PISY,4
03:33:19,10,100135,СОСНА ЗВИЧ. У ВОГН. КОР. ГУБ.,1,4,PISY,4
03:33:10,35,363042,СОСНА ЗВИЧАЙНА,1,4,PISY,4
03:33:12,7.2,71647,СОСНА ЗВИЧАЙНА,1,4,PISY,4
03:33:13,4.7,46636,СОСНА ЗВИЧАЙНА,1,4,PISY,4
03:33:2,12,123454,СОСНА ЗВИЧАЙНА,1,4,PISY,4
03:33:4,0.8,8422,СОСНА ЗВИЧАЙНА,1,4,PISY,4
03:36:13,8.8,89491,СОСНА ЗВИЧАЙНА,1,4,PISY,4
03:36:8,6.1,62171,СОСНА ЗВИЧАЙНА,1,4,PISY,4
03:36:9,2.1,21154,СОСНА ЗВИЧАЙНА,1,4,PISY,4
03:36:10,1.2,11947,СОСНА ЗВИЧАЙНА,1,4,PISY,4
03:36:4,8.3,85267,СОСНА ЗВИЧАЙНА,1,4,PISY,4
03:36:5,3.2,32895,СОСНА ЗВИЧАЙНА,1,4,PISY,4
03:36:6,3.9,39914,СОСНА ЗВИЧАЙНА,1,4,PISY,4
03:36:11,1.3,12512,СОСНА ЗВИЧАЙНА,1,4,PISY,4
03:35:15,19,195395,СОСНА ЗВИЧАЙНА,1,4,PISY,4
03:35:16,2.3,23363,СОСНА ЗВИЧАЙНА,1,4,PISY,4
03:35:19,8.6,85967,СОСНА ЗВИЧАЙНА,1,4,PISY,4
03:35:9,9.5,96289,СОСНА ЗВИЧАЙНА,1,4,PISY,4
03:35:13,6.1,62159,СОСНА ЗВИЧАЙНА,1,4,PISY,4
03:35:11,0.4,4180,СОСНА ЗВИЧАЙНА,1,4,PISY,4
03:35:7,2.3,23552,СОСНА ЗВИЧАЙНА,1,4,PISY,4
03:35:5,1.5,15287,СОСНА ЗВИЧАЙНА,1,4,PISY,4
03:35:4,1.7,17316,СОСНА ЗВИЧ. У ВОГН. КОР. ГУБ.,1,4,PISY,4
03:35:3,1.2,12171,СОСНА ЗВИЧАЙНА,1,4,PISY,4
03:31:5,2,20235,СОСНА ЗВИЧАЙНА,1,4,PISY,4
03:23:9,0.7,7494,СОСНА ЗВИЧАЙНА,1,4,PISY,4
03:23:6,21,235946,СОСНА ЗВИЧАЙНА,1,4,PISY,4
03:23:2,5.4,55011,СОСНА ЗВИЧАЙНА,1,4,PISY,4
03:23:1,5.4,56121,СОСНА ЗВИЧАЙНА,1,4,PISY,4
03:22:4,7.6,79464,СОСНА ЗВИЧАЙНА,1,4,PISY,4
03:22:6,7.5,77608,СОСНА ЗВИЧ. У ВОГН. КОР. ГУБ.,1,4,PISY,4
03:29:11,4.9,47450,СОСНА ЗВИЧ. У ВОГН. КОР. ГУБ.,1,4,PISY,4
03:29:8,2.4,25272,СОСНА ЗВИЧ. У ВОГН. КОР. ГУБ.,1,4,PISY,4
03:29:4,2,20171,СОСНА ЗВИЧАЙНА,1,4,PISY,4
03:32:5,3.3,32847,СОСНА ЗВИЧ. У ВОГН. КОР. ГУБ.,1,4,PISY,4
03:32:6,0.9,9206,СОСНА ЗВИЧАЙНА,1,4,PISY,4
03:32:4,1.6,16248,СОСНА ЗВИЧ. У ВОГН. КОР. ГУБ.,1,4,PISY,4
03:32:3,1.5,14936,СОСНА ЗВИЧАЙНА,1,4,PISY,4
03:32:1,3.6,36047,СОСНА ЗВИЧАЙНА,1,4,PISY,4
03:27:5,5.1,53044,СОСНА ЗВИЧАЙНА,1,4,PISY,4
03:26:5,2.4,23683,СОСНА ЗВИЧАЙНА,1,4,PISY,4
03:26:1,3.4,34431,СОСНА ЗВИЧАЙНА,1,4,PISY,4
03:26:3,9.6,95379,СОСНА ЗВИЧАЙНА,1,4,PISY,4
03:25:2,1.5,16167,СОСНА ЗВИЧАЙНА,1,4,PISY,4
03:25:3,1.2,13031,СОСНА ЗВИЧАЙНА,1,4,PISY,4
03:25:1,0.6,5916,СОСНА ЗВИЧАЙНА,1,4,PISY,4
03:21:1,14,161419,СОСНА ЗВИЧ. У ВОГН. КОР. ГУБ.,1,4,PISY,4
03:21:4,0.4,4307,СОСНА ЗВИЧАЙНА,1,4,PISY,4
03:21:2,6.5,66047,СОСНА ЗВИЧАЙНА,1,4,PISY,4
03:17:8,1.5,14642,СОСНА ЗВИЧАЙНА,1,4,PISY,4
03:17:3,1.5,15488,СОСНА ЗВИЧАЙНА,1,4,PISY,4
03:17:4,0.7,6915,СОСНА ЗВИЧАЙНА,1,4,PISY,4
03:17:2,24,271603,СОСНА ЗВИЧАЙНА,1,4,PISY,4
03:17:1,6.7,69429,СОСНА ЗВИЧАЙНА,1,4,PISY,4
03:18:9,1.3,13052,ВІЛЬХА ЧОРНА,1,4,ALGL,1
03:18:3,12.5,139391,СОСНА ЗВИЧАЙНА,1,4,PISY,4
03:18:2,6.6,67206,СОСНА ЗВИЧАЙНА,1,4,PISY,4
03:18:5,17,188787,СОСНА ЗВИЧАЙНА,1,4,PISY,4
03:18:14,0.8,7759,СОСНА ЗВИЧАЙНА,1,4,PISY,4
03:18:4,3.4,33806,СОСНА ЗВИЧАЙНА,1,4,PISY,4
03:18:1,3.4,35999,СОСНА ЗВИЧАЙНА,1,4,PISY,4
03:1:2,41.5,437424,СОСНА ЗВИЧАЙНА,1,4,PISY,4
03:1:1,1.6,17352,СОСНА ЗВИЧАЙНА,1,4,PISY,4
03:2:1,5,51057,СОСНА ЗВИЧАЙНА,1,4,PISY,4
03:2:8,0.9,9095,СОСНА ЗВИЧАЙНА,1,4,PISY,4
03:2:9,0.8,8134,СОСНА ЗВИЧАЙНА,1,4,PISY,4
03:2:12,0.7,6937,СОСНА ЗВИЧАЙНА,1,4,PISY,4
03:3:14,1.2,12478,СОСНА ЗВИЧАЙНА,1,4,PISY,4
03:3:6,1.3,12797,СОСНА ЗВИЧАЙНА,1,4,PISY,4
03:3:5,3,31186,СОСНА ЗВИЧАЙНА,1,4,PISY,4
03:3:4,1.1,11088,СОСНА ЗВИЧАЙНА,1,4,PISY,4
03:3:10,0.7,7470,СОСНА ЗВИЧАЙНА,1,4,PISY,4
03:3:13,0.6,5523,СОСНА ЗВИЧАЙНА,1,4,PISY,4
03:3:15,0.3,3230,СОСНА ЗВИЧАЙНА,1,4,PISY,4
03:3:7,3.1,31588,СОСНА ЗВИЧАЙНА,1,4,PISY,4
03:3:8,5.3,53778,СОСНА ЗВИЧАЙНА,1,4,PISY,4
03:3:1,2,20659,СОСНА ЗВИЧАЙНА,1,4,PISY,4
03:3:2,4.4,44934,СОСНА ЗВИЧАЙНА,1,4,PISY,4
03:2:2,9,89608,СОСНА ЗВИЧАЙНА,1,4,PISY,4
03:2:4,3.1,31416,СОСНА ЗВИЧАЙНА,1,4,PISY,4
03:2:5,1.6,15999,СОСНА ЗВИЧАЙНА,1,4,PISY,4
03:2:6,4.2,41816,СОСНА ЗВИЧАЙНА,1,4,PISY,4
03:4:1,0.6,5663,СОСНА ЗВИЧАЙНА,1,4,PISY,4
03:4:2,1.1,11407,СОСНА ЗВИЧАЙНА,1,4,PISY,4
03:4:7,1.7,16699,СОСНА ЗВИЧАЙНА,1,4,PISY,4
03:4:6,1.9,18917,СОСНА ЗВИЧАЙНА,1,4,PISY,4
03:4:5,8.1,81200,СОСНА ЗВИЧАЙНА,1,4,PISY,4
03:4:4,5.3,52966,СОСНА ЗВИЧАЙНА,1,4,PISY,4
03:4:3,20.5,231146,СОСНА ЗВИЧАЙНА,1,4,PISY,4
03:5:4,1.6,17132,СОСНА ЗВИЧАЙНА,1,4,PISY,4
03:5:6,0.6,6660,СОСНА ЗВИЧАЙНА,1,4,PISY,4
03:5:1,6.4,65570,СОСНА ЗВИЧ. У ВОГН. КОР. ГУБ.,1,4,PISY,4
03:5:5,6.6,68201,СОСНА ЗВИЧ. У ВОГН. КОР. ГУБ.,1,4,PISY,4
03:5:12,0.5,5474,СОСНА ЗВИЧАЙНА,1,4,PISY,4
03:5:11,2.5,24569,СОСНА ЗВИЧАЙНА,1,4,PISY,4
03:5:10,0.4,4007,СОСНА ЗВИЧАЙНА,1,4,PISY,4
03:5:9,4.1,42900,СОСНА ЗВИЧАЙНА,1,4,PISY,4
03:5:8,2.9,30488,СОСНА ЗВИЧАЙНА,1,4,PISY,4
03:5:2,12,130919,СОСНА ЗВИЧАЙНА,1,4,PISY,4
03:6:3,1.7,17010,СОСНА ЗВИЧАЙНА,1,4,PISY,4
03:6:4,1.1,10539,СОСНА ЗВИЧАЙНА,1,4,PISY,4
03:6:11,1.7,16588,СОСНА ЗВИЧАЙНА,1,4,PISY,4
03:10:2,0.7,6864,СОСНА ЗВИЧАЙНА,1,4,PISY,4
03:6:10,7.4,75058,СОСНА ЗВИЧАЙНА,1,4,PISY,4
03:6:7,10,111221,СОСНА ЗВИЧАЙНА,1,4,PISY,4
03:6:8,0.6,5969,СОСНА ЗВИЧАЙНА,1,4,PISY,4
03:6:9,0.7,6953,СОСНА ЗВИЧАЙНА,1,4,PISY,4
03:6:2,3.9,39671,СОСНА ЗВИЧАЙНА,1,4,PISY,4
03:6:1,2.1,21138,СОСНА ЗВИЧАЙНА,1,4,PISY,4
03:6:5,3.6,36302,СОСНА ЗВИЧАЙНА,1,4,PISY,4
03:6:6,8,82853,СОСНА ЗВИЧАЙНА,1,4,PISY,4
03:10:1,5.5,55847,СОСНА ЗВИЧАЙНА,1,4,PISY,4
03:10:4,0.4,4101,СОСНА ЗВИЧАЙНА,1,4,PISY,4
03:10:3,3.4,34836,СОСНА ЗВИЧ. У ВОГН. КОР. ГУБ.,1,4,PISY,4
03:10:5,6.7,68250,СОСНА ЗВИЧАЙНА,1,4,PISY,4
03:7:2,1.7,18460,СОСНА ЗВИЧАЙНА,1,4,PISY,4
03:7:5,1.2,12307,СОСНА ЗВИЧАЙНА,1,4,PISY,4
03:7:6,2.3,24116,СОСНА ЗВИЧАЙНА,1,4,PISY,4
03:7:10,1.9,19393,СОСНА ЗВИЧАЙНА,1,4,PISY,4
03:7:11,8,82057,СОСНА ЗВИЧАЙНА,1,4,PISY,4
03:7:12,1.2,11938,СОСНА ЗВИЧАЙНА,1,4,PISY,4
03:7:7,0.6,5710,СОСНА ЗВИЧ. У ВОГН. КОР. ГУБ.,1,4,PISY,4
03:7:9,8,82247,СОСНА ЗВИЧ. У ВОГН. КОР. ГУБ.,1,4,PISY,4
03:7:3,2.5,26272,СОСНА ЗВИЧ. У ВОГН. КОР. ГУБ.,1,4,PISY,4
03:7:1,23,257870,СОСНА ЗВИЧ. У ВОГН. КОР. ГУБ.,1,4,PISY,4
03:7:4,1,10258,СОСНА ЗВИЧАЙНА,1,4,PISY,4
03:8:4,1.1,11809,СОСНА ЗВИЧАЙНА,1,4,PISY,4
03:8:2,1,9571,СОСНА ЗВИЧАЙНА,1,4,PISY,4
03:8:1,1,10180,СОСНА ЗВИЧАЙНА,1,4,PISY,4
03:8:6,0.5,5280,СОСНА ЗВИЧАЙНА,1,4,PISY,4
03:8:3,8.6,88917,СОСНА ЗВИЧАЙНА,1,4,PISY,4
03:8:7,1.1,11597,СОСНА ЗВИЧАЙНА,1,4,PISY,4
03:8:9,0.3,2806,СОСНА ЗВИЧАЙНА,1,4,PISY,4
03:8:12,5,51838,СОСНА ЗВИЧ. У ВОГН. КОР. ГУБ.,1,4,PISY,4
03:8:5,4.7,48927,СОСНА ЗВИЧАЙНА,NA,4,PISY,4
03:8:8,0.5,5483,СОСНА ЗВИЧАЙНА,1,4,PISY,4
03:8:11,1.2,12997,СОСНА ЗВИЧАЙНА,1,4,PISY,4
03:8:10,3.9,41306,СОСНА ЗВИЧ. У ВОГН. КОР. ГУБ.,1,4,PISY,4
03:9:1,2.2,23492,СОСНА ЗВИЧАЙНА,1,4,PISY,4
03:9:2,2.6,27648,СОСНА ЗВИЧАЙНА,1,4,PISY,4
03:9:3,18,200013,СОСНА ЗВИЧ. У ВОГН. КОР. ГУБ.,1,4,PISY,4
03:11:2,0.5,5041,СОСНА ЗВИЧАЙНА,1,4,PISY,4
03:11:3,2.3,24428,БЕРЕЗА ПОВИСЛА,1,2,BEPE,2
03:11:13,0.4,3527,СОСНА ЗВИЧАЙНА,1,4,PISY,4
03:11:12,0.5,5243,СОСНА ЗВИЧАЙНА,1,4,PISY,4
03:11:9,0.8,8476,СОСНА ЗВИЧ. У ВОГН. КОР. ГУБ.,1,4,PISY,4
03:11:10,0.5,4742,СОСНА ЗВИЧАЙНА,1,4,PISY,4
03:11:8,3,31774,СОСНА ЗВИЧАЙНА,1,4,PISY,4
03:11:7,0.5,4884,СОСНА ЗВИЧАЙНА,1,4,PISY,4
03:11:1,6.4,67297,СОСНА ЗВИЧАЙНА,1,4,PISY,4
03:11:4,1,10305,СОСНА ЗВИЧАЙНА,1,4,PISY,4
03:12:7,1.3,14369,СОСНА ЗВИЧАЙНА,1,4,PISY,4
03:12:8,0.3,3436,БЕРЕЗА ПОВИСЛА,1,2,BEPE,2
03:12:2,0.7,6914,СОСНА ЗВИЧАЙНА,1,4,PISY,4
03:12:1,1.7,17714,СОСНА ЗВИЧАЙНА,1,4,PISY,4
03:12:6,3.1,33002,СОСНА ЗВИЧАЙНА,1,4,PISY,4
03:12:9,0.2,2489,СОСНА ЗВИЧАЙНА,1,4,PISY,4
03:12:10,2.7,29473,СОСНА ЗВИЧ. У ВОГН. КОР. ГУБ.,1,4,PISY,4
03:12:12,3.8,39566,СОСНА ЗВИЧАЙНА,1,4,PISY,4
03:12:11,13,141524,СОСНА ЗВИЧАЙНА,1,4,PISY,4
03:12:4,0.4,4206,СОСНА ЗВИЧАЙНА,1,4,PISY,4
03:12:3,10,106147,СОСНА ЗВИЧАЙНА,1,4,PISY,4
03:12:5,7,72575,СОСНА ЗВИЧАЙНА,1,4,PISY,4
03:13:1,1.2,13697,СОСНА ЗВИЧАЙНА,1,4,PISY,4
03:13:2,0.6,5772,СОСНА ЗВИЧАЙНА,1,4,PISY,4
03:13:6,0.6,5781,СОСНА ЗВИЧАЙНА,1,4,PISY,4
03:13:9,0.9,8928,СОСНА ЗВИЧАЙНА,1,4,PISY,4
03:13:8,3,31179,СОСНА ЗВИЧАЙНА,1,4,PISY,4
03:13:4,10.5,123038,СОСНА ЗВИЧАЙНА,1,4,PISY,4
03:13:10,3.8,40182,СОСНА ЗВИЧАЙНА,1,4,PISY,4
03:13:14,2,20940,СОСНА ЗВИЧАЙНА,1,4,PISY,4
03:13:15,1.2,12810,СОСНА ЗВИЧ. У ВОГН. КОР. ГУБ.,NA,2,PISY,4
03:13:12,9,92669,СОСНА ЗВИЧАЙНА,1,4,PISY,4
03:13:13,1.7,18428,СОСНА ЗВИЧАЙНА,1,4,PISY,4
03:13:11,7,72235,СОСНА ЗВИЧАЙНА,1,4,PISY,4
03:14:3,0.6,5086,СОСНА ЗВИЧАЙНА,1,4,PISY,4
03:14:2,2.5,24618,СОСНА ЗВИЧАЙНА,1,4,PISY,4
03:14:4,0.4,2596,СОСНА ЗВИЧ. У ВОГН. КОР. ГУБ.,1,4,PISY,4
03:15:1,3,30134,СОСНА ЗВИЧАЙНА,1,4,PISY,4
03:15:3,3.6,37119,СОСНА ЗВИЧ. У ВОГН. КОР. ГУБ.,1,4,PISY,4
03:15:2,14,151684,СОСНА ЗВИЧАЙНА,1,4,PISY,4
03:16:4,0.4,4259,СОСНА ЗВИЧАЙНА,1,4,PISY,4
03:16:1,9.7,99063,СОСНА ЗВИЧАЙНА,1,4,PISY,4
03:16:5,2.6,26117,СОСНА ЗВИЧ. У ВОГН. КОР. ГУБ.,1,4,PISY,4
03:16:7,1.4,13545,СОСНА ЗВИЧАЙНА,1,4,PISY,4
03:16:6,12,132833,СОСНА ЗВИЧАЙНА,1,4,PISY,4
03:16:3,16,178359,СОСНА ЗВИЧАЙНА,1,4,PISY,4
03:17:7,1.6,16464,СОСНА ЗВИЧАЙНА,1,4,PISY,4
03:17:6,0.8,7937,БЕРЕЗА ПОВИСЛА,1,2,BEPE,2
03:17:5,14,156793,СОСНА ЗВИЧАЙНА,1,4,PISY,4
03:18:8,0.6,5573,СОСНА ЗВИЧАЙНА,1,4,PISY,4
03:18:7,0.3,3667,СОСНА ЗВИЧАЙНА,1,4,PISY,4
03:18:13,1.1,10741,СОСНА ЗВИЧАЙНА,1,1,PISY,4
03:18:12,0.9,9701,СОСНА ЗВИЧАЙНА,1,4,PISY,4
03:18:6,4.7,49949,СОСНА ЗВИЧАЙНА,1,4,PISY,4
03:18:11,1.4,13710,СОСНА ЗВИЧАЙНА,1,4,PISY,4
03:18:10,1.5,15446,СОСНА ЗВИЧАЙНА,1,4,PISY,4
03:19:1,8.6,85479,СОСНА ЗВИЧАЙНА,1,4,PISY,4
03:19:4,1.3,13396,СОСНА ЗВИЧАЙНА,1,4,PISY,4
03:19:2,10.5,116453,СОСНА ЗВИЧ. У ВОГН. КОР. ГУБ.,1,4,PISY,4
03:19:5,5.8,57657,СОСНА ЗВИЧАЙНА,1,4,PISY,4
03:19:3,20,214939,СОСНА ЗВИЧАЙНА,1,4,PISY,4
03:20:6,0.6,7213,СОСНА ЗВИЧАЙНА,1,4,PISY,4
03:21:10,1.5,15356,СОСНА ЗВИЧАЙНА,1,4,PISY,4
03:20:3,0.5,6194,СОСНА ЗВИЧАЙНА,1,4,PISY,4
03:20:4,6.5,68384,СОСНА ЗВИЧ. У ВОГН. КОР. ГУБ.,1,4,PISY,4
03:20:2,13,143586,СОСНА ЗВИЧАЙНА,1,4,PISY,4
03:20:1,25,275160,СОСНА ЗВИЧАЙНА,1,4,PISY,4
03:20:5,0.5,5079,БЕРЕЗА ПОВИСЛА,1,2,BEPE,2
03:21:9,2.8,27556,СОСНА ЗВИЧ. У ВОГН. КОР. ГУБ.,1,4,PISY,4
03:21:3,6,60980,СОСНА ЗВИЧАЙНА,1,4,PISY,4
03:21:5,5.2,53413,СОСНА ЗВИЧАЙНА,1,4,PISY,4
03:22:7,3.8,39644,СОСНА ЗВИЧАЙНА,1,4,PISY,4
03:22:5,1.3,14213,ВІЛЬХА ЧОРНА,1,1,ALGL,1
03:22:1,3.1,33240,СОСНА ЗВИЧАЙНА,1,4,PISY,4
03:22:2,2.6,27675,СОСНА ЗВИЧ. У ВОГН. КОР. ГУБ.,1,4,PISY,4
03:23:4,2.6,26010,СОСНА ЗВИЧ. У ВОГН. КОР. ГУБ.,1,4,PISY,4
03:23:10,1.1,10606,СОСНА ЗВИЧАЙНА,1,4,PISY,4
03:23:8,3,30081,СОСНА ЗВИЧАЙНА,1,4,PISY,4
03:23:5,3.6,36877,СОСНА ЗВИЧАЙНА,1,4,PISY,4
03:23:7,8,82296,СОСНА ЗВИЧ. У ВОГН. КОР. ГУБ.,1,4,PISY,4
03:24:6,4.2,41556,СОСНА ЗВИЧАЙНА,1,4,PISY,4
03:24:5,0.5,4543,СОСНА ЗВИЧАЙНА,1,4,PISY,4
03:24:4,1.2,11993,СОСНА ЗВИЧАЙНА,1,4,PISY,4
03:24:3,1.4,13889,СОСНА ЗВИЧАЙНА,1,4,PISY,4
03:24:8,2.4,24174,СОСНА ЗВИЧАЙНА,1,4,PISY,4
03:24:11,5.7,58106,СОСНА ЗВИЧАЙНА,1,4,PISY,4
03:24:2,1.2,12120,СОСНА ЗВИЧАЙНА,1,4,PISY,4
03:24:9,1,10249,СОСНА ЗВИЧАЙНА,1,4,PISY,4
03:24:1,5.4,54070,СОСНА ЗВИЧАЙНА,1,4,PISY,4
03:25:4,0.8,8167,СОСНА ЗВИЧАЙНА,1,4,PISY,4
03:25:5,1.1,12417,БЕРЕЗА ПОВИСЛА,1,4,BEPE,2
03:25:8,1.2,12674,СОСНА ЗВИЧАЙНА,1,4,PISY,4
03:25:7,0.8,7705,БЕРЕЗА ПОВИСЛА,1,4,BEPE,2
03:25:6,1.8,20155,СОСНА ЗВИЧАЙНА,1,4,PISY,4
03:25:12,2.3,25199,СОСНА ЗВИЧАЙНА,1,4,PISY,4
03:25:14,2.9,29244,СОСНА ЗВИЧАЙНА,1,4,PISY,4
03:25:13,3.1,31160,БЕРЕЗА ПОВИСЛА,1,4,BEPE,2
03:30:2,0.5,5328,ВІЛЬХА ЧОРНА,1,4,ALGL,1
03:30:7,2.4,24010,СОСНА ЗВИЧАЙНА,1,2,PISY,4
03:30:6,3.4,33617,СОСНА ЗВИЧАЙНА,1,4,PISY,4
03:30:9,0.3,3085,ВІЛЬХА ЧОРНА,1,4,ALGL,1
03:30:14,0.2,2097,СОСНА БАНКСА,1,4,PISY,4
03:30:13,0.6,6483,СОСНА ЗВИЧАЙНА,1,4,PISY,4
03:30:15,1.7,17267,СОСНА ЗВИЧ. У ВОГН. КОР. ГУБ.,1,4,PISY,4
03:30:16,2.3,23503,СОСНА ЗВИЧАЙНА,1,4,PISY,4
03:30:19,14,145010,СОСНА ЗВИЧАЙНА,1,4,PISY,4
03:30:8,3.7,38054,СОСНА ЗВИЧАЙНА,1,4,PISY,4
03:29:7,1,10664,СОСНА ЗВИЧАЙНА,1,4,PISY,4
03:29:3,0.3,3211,СОСНА ЗВИЧАЙНА,1,4,PISY,4
03:29:2,1.2,11665,СОСНА ЗВИЧАЙНА,1,4,PISY,4
03:29:5,0.7,7043,СОСНА ЗВИЧАЙНА,1,4,PISY,4
03:29:9,2.2,22785,СОСНА ЗВИЧАЙНА,1,4,PISY,4
03:29:10,2.6,24571,СОСНА ЗВИЧАЙНА,1,4,PISY,4
03:27:9,3.7,37412,СОСНА ЗВИЧАЙНА,1,4,PISY,4
03:27:1,5,51123,БЕРЕЗА ПОВИСЛА,1,2,BEPE,2
03:27:4,4.7,49450,СОСНА ЗВИЧАЙНА,1,4,PISY,4
03:27:6,5.8,59871,СОСНА ЗВИЧАЙНА,1,4,PISY,4
03:27:2,1,9961,СОСНА ЗВИЧАЙНА,1,4,PISY,4
03:27:3,8.7,88740,СОСНА ЗВИЧ. У ВОГН. КОР. ГУБ.,1,4,PISY,4
03:26:2,0.3,2643,СОСНА ЗВИЧАЙНА,1,4,PISY,4
03:28:1,1.1,10008,СОСНА ЗВИЧАЙНА,1,4,PISY,4
03:28:2,29,299660,СОСНА ЗВИЧАЙНА,1,4,PISY,4
03:32:7,4.5,44873,СОСНА ЗВИЧАЙНА,1,4,PISY,4
03:35:2,1.8,17715,СОСНА ЗВИЧАЙНА,1,4,PISY,4
03:35:14,2.4,24322,СОСНА ЗВИЧАЙНА,1,4,PISY,4
03:35:20,0.2,1524,СОСНА ЗВИЧАЙНА,1,4,PISY,4
03:35:21,0.6,6461,СОСНА ЗВИЧАЙНА,1,4,PISY,4
03:36:1,1.3,13093,СОСНА ЗВИЧАЙНА,1,2,PISY,4
03:33:3,1.4,12473,БІЛА АКАЦІЯ,1,4,OTHERS,3
03:33:1,0.3,3477,СОСНА ЗВИЧАЙНА,1,4,PISY,4
03:33:5,1.7,15738,СОСНА ЗВИЧАЙНА,1,4,PISY,4
03:33:6,1.8,18272,СОСНА ЗВИЧАЙНА,1,4,PISY,4
03:33:18,0.5,6417,БІЛА АКАЦІЯ,1,4,OTHERS,3
03:37:1,1.4,13802,ВІЛЬХА ЧОРНА,1,1,ALGL,1
03:37:8,1,10051,ВІЛЬХА ЧОРНА,1,2,ALGL,1
03:37:5,1.7,18249,ВІЛЬХА ЧОРНА,1,1,ALGL,1
03:37:4,1.6,15765,ВІЛЬХА ЧОРНА,1,1,ALGL,1
03:38:8,0.6,5342,СОСНА ЗВИЧАЙНА,1,4,PISY,4
03:38:6,1.2,12459,СОСНА ЗВИЧАЙНА,1,4,PISY,4
03:44:3,0.4,4053,СОСНА ЗВИЧАЙНА,1,4,PISY,4
03:39:1,4.5,47071,ВІЛЬХА ЧОРНА,1,1,ALGL,1
03:39:8,2,21426,СОСНА ЗВИЧАЙНА,1,1,PISY,4
03:39:12,3,30114,СОСНА ЗВИЧАЙНА,1,1,PISY,4
03:44:9,0.5,4892,СОСНА ЗВИЧАЙНА,1,4,PISY,4
03:44:8,3.2,32848,СОСНА ЗВИЧАЙНА,1,4,PISY,4
03:44:11,11,114394,СОСНА ЗВИЧАЙНА,1,4,PISY,4
03:44:14,4.7,46975,СОСНА ЗВИЧАЙНА,1,4,PISY,4
03:44:13,1.2,12426,СОСНА ЗВИЧАЙНА,1,4,PISY,4
03:44:4,0.6,5853,СОСНА ЗВИЧАЙНА,1,4,PISY,4
03:44:7,0.8,8464,СОСНА ЗВИЧАЙНА,1,4,PISY,4
03:44:6,1.3,13215,СОСНА ЗВИЧАЙНА,1,4,PISY,4
03:44:5,1.7,16751,СОСНА ЗВИЧАЙНА,1,4,PISY,4
03:40:1,0.4,4419,ВІЛЬХА ЧОРНА,1,1,ALGL,1
03:40:4,1.1,10817,СОСНА ЗВИЧАЙНА,1,4,PISY,4
03:40:3,0.7,7212,СОСНА ЗВИЧАЙНА,1,4,PISY,4
03:40:10,3.5,34929,СОСНА ЗВИЧАЙНА,1,4,PISY,4
03:40:7,0.7,7060,СОСНА ЗВИЧАЙНА,1,4,PISY,4
03:40:6,3.1,32262,ВІЛЬХА ЧОРНА,1,4,ALGL,1
03:40:9,0.3,2884,СОСНА ЗВИЧАЙНА,1,4,PISY,4
03:45:8,1.9,20071,СОСНА ЗВИЧАЙНА,1,4,PISY,4
03:45:4,8.1,82542,СОСНА ЗВИЧАЙНА,1,4,PISY,4
03:41:1,0.9,8648,СОСНА ЗВИЧАЙНА,1,1,PISY,4
03:41:4,0.2,1783,СОСНА ЗВИЧАЙНА,1,4,PISY,4
03:41:3,6,58865,СОСНА ЗВИЧАЙНА,1,4,PISY,4
03:46:5,0.5,4743,БЕРЕЗА ПОВИСЛА,1,2,BEPE,2
03:46:4,0.7,6996,СОСНА ЗВИЧАЙНА,1,4,PISY,4
03:46:3,1.7,17985,СОСНА ЗВИЧАЙНА,1,4,PISY,4
03:46:2,1.2,13319,СОСНА ЗВИЧАЙНА,1,4,PISY,4
03:42:2,1.6,16805,СОСНА ЗВИЧАЙНА,1,4,PISY,4
03:42:5,3.4,35821,СОСНА ЗВИЧАЙНА,1,4,PISY,4
03:42:4,0.8,7996,СОСНА ЗВИЧАЙНА,1,4,PISY,4
03:42:3,3.8,40222,СОСНА ЗВИЧАЙНА,1,4,PISY,4
03:42:1,6.8,70290,СОСНА ЗВИЧАЙНА,1,4,PISY,4
03:47:5,0.6,6203,СОСНА ЗВИЧАЙНА,1,4,PISY,4
03:47:4,1.5,13085,СОСНА ЗВИЧАЙНА,1,4,PISY,4
03:47:6,2.4,25441,БЕРЕЗА ПОВИСЛА,1,4,BEPE,2
03:47:2,3,31268,СОСНА ЗВИЧАЙНА,1,4,PISY,4
03:43:4,0.2,1887,СОСНА ЗВИЧАЙНА,1,4,PISY,4
03:43:5,1.2,11850,СОСНА ЗВИЧАЙНА,1,4,PISY,4
03:48:4,0.5,4938,БЕРЕЗА ПОВИСЛА,1,2,BEPE,2
03:48:2,2.4,26099,СОСНА ЗВИЧАЙНА,1,4,PISY,4
03:48:6,4.9,51356,СОСНА ЗВИЧАЙНА,1,4,PISY,4
03:50:8,1.1,10774,СОСНА ЗВИЧАЙНА,1,4,PISY,4
03:57:2,0.8,8604,СОСНА ЗВИЧАЙНА,1,4,PISY,4
03:50:9,6.4,65667,СОСНА ЗВИЧАЙНА,1,4,PISY,4
03:57:3,0.3,2958,СОСНА ЗВИЧАЙНА,1,4,PISY,4
03:57:4,0.9,9275,СОСНА ЗВИЧАЙНА,1,4,PISY,4
03:62:4,0.4,3704,СОСНА ЗВИЧАЙНА,1,4,PISY,4
03:62:3,2.1,21389,СОСНА ЗВИЧАЙНА,1,4,PISY,4
03:62:1,3.3,32643,СОСНА ЗВИЧАЙНА,1,4,PISY,4
03:51:12,0.8,8970,СОСНА ЗВИЧАЙНА,1,4,PISY,4
03:51:5,0.9,9549,СОСНА ЗВИЧАЙНА,1,4,PISY,4
03:51:9,0.9,9568,БЕРЕЗА ПОВИСЛА,1,4,BEPE,2
03:51:11,1.1,11717,СОСНА ЗВИЧАЙНА,1,4,PISY,4
03:51:10,1.3,15610,БЕРЕЗА ПОВИСЛА,1,4,BEPE,2
03:51:6,0.7,6538,СОСНА ЗВИЧАЙНА,1,4,PISY,4
03:51:1,1.1,11722,СОСНА ЗВИЧАЙНА,1,4,PISY,4
03:52:4,2.5,24637,СОСНА ЗВИЧАЙНА,1,4,PISY,4
03:52:9,1.9,18639,СОСНА ЗВИЧАЙНА,1,4,PISY,4
03:52:5,4.7,48613,СОСНА ЗВИЧАЙНА,1,4,PISY,4
03:52:6,0.5,5019,СОСНА ЗВИЧАЙНА,1,4,PISY,4
03:52:7,3.2,31810,СОСНА ЗВИЧАЙНА,1,4,PISY,4
03:52:8,3.8,37966,СОСНА ЗВИЧАЙНА,1,4,PISY,4
03:53:7,1.3,14155,СОСНА ЗВИЧАЙНА,1,4,PISY,4
03:53:5,5.9,61205,СОСНА ЗВИЧАЙНА,1,4,PISY,4
03:53:3,1.1,12037,СОСНА ЗВИЧАЙНА,1,4,PISY,4
03:53:1,2.4,25023,СОСНА ЗВИЧАЙНА,1,4,PISY,4
03:54:11,1.1,11514,СОСНА ЗВИЧАЙНА,1,4,PISY,4
03:54:12,0.9,8686,СОСНА ЗВИЧАЙНА,1,4,PISY,4
03:54:10,1.1,11182,СОСНА ЗВИЧАЙНА,1,4,PISY,4
03:54:6,0.9,9435,СОСНА ЗВИЧАЙНА,1,4,PISY,4
03:54:9,0.3,2835,СОСНА ЗВИЧАЙНА,1,4,PISY,4
03:54:1,0.8,7563,СОСНА ЗВИЧАЙНА,1,4,PISY,4
03:54:5,1.8,18504,СОСНА ЗВИЧАЙНА,1,4,PISY,4
03:55:4,1.2,12086,БІЛА АКАЦІЯ,1,1,OTHERS,3
03:55:6,1.2,12240,СОСНА ЗВИЧАЙНА,1,4,PISY,4
03:55:7,1,10341,СОСНА ЗВИЧАЙНА,1,4,PISY,4
03:55:8,2.4,25267,СОСНА ЗВИЧАЙНА,1,4,PISY,4
03:55:13,0.7,6985,СОСНА ЗВИЧАЙНА,1,4,PISY,4
03:56:7,2.6,25976,СОСНА ЗВИЧАЙНА,1,4,PISY,4
03:56:10,0.5,5112,СОСНА ЗВИЧАЙНА,1,4,PISY,4
03:56:11,1.5,15440,СОСНА ЗВИЧАЙНА,1,4,PISY,4
03:56:1,1,9995,СОСНА ЗВИЧАЙНА,1,4,PISY,4
03:58:10,0.6,5790,СОСНА ЗВИЧАЙНА,1,4,PISY,4
03:63:2,0.5,5360,СОСНА ЗВИЧАЙНА,1,4,PISY,4
03:58:1,1.5,15596,СОСНА ЗВИЧАЙНА,1,4,PISY,4
03:58:2,21,218834,СОСНА ЗВИЧАЙНА,1,4,PISY,4
03:59:2,1.2,11539,СОСНА ЗВИЧАЙНА,1,4,PISY,4
03:59:6,2.6,26127,СОСНА ЗВИЧАЙНА,1,4,PISY,4
03:59:1,4.6,46285,СОСНА ЗВИЧАЙНА,1,4,PISY,4
03:60:10,1.7,15938,СОСНА ЗВИЧАЙНА,1,4,PISY,4
03:60:8,1.4,14395,СОСНА ЗВИЧАЙНА,1,4,PISY,4
03:60:6,1,10414,СОСНА ЗВИЧАЙНА,1,4,PISY,4
03:60:9,1.1,11351,СОСНА ЗВИЧАЙНА,1,4,PISY,4
03:60:7,3.4,33919,СОСНА ЗВИЧАЙНА,1,4,PISY,4
03:60:3,0.7,6770,СОСНА ЗВИЧАЙНА,1,4,PISY,4
03:60:2,0.3,2836,СОСНА ЗВИЧАЙНА,1,2,PISY,4
03:60:4,0.9,8645,СОСНА ЗВИЧАЙНА,1,4,PISY,4
03:60:1,4.2,40492,СОСНА ЗВИЧАЙНА,1,4,PISY,4
03:60:12,0.4,4078,СОСНА ЗВИЧАЙНА,1,4,PISY,4
03:61:13,0.5,4901,СОСНА ЗВИЧАЙНА,1,4,PISY,4
03:61:12,0.2,2135,СОСНА ЗВИЧАЙНА,1,4,PISY,4
03:61:3,0.9,8792,СОСНА ЗВИЧАЙНА,1,4,PISY,4
03:61:6,0.4,3560,СОСНА ЗВИЧАЙНА,1,4,PISY,4
03:61:5,1,10248,СОСНА ЗВИЧАЙНА,1,4,PISY,4
03:61:10,1.7,17282,СОСНА ЗВИЧАЙНА,1,4,PISY,4
03:63:3,1,9570,СОСНА ЗВИЧАЙНА,1,4,PISY,4
03:63:1,7.5,75053,СОСНА ЗВИЧАЙНА,1,4,PISY,4
03:63:6,0.8,7554,СОСНА ЗВИЧАЙНА,1,4,PISY,4
03:63:4,10.7,107409,СОСНА ЗВИЧАЙНА,1,4,PISY,4
03:64:4,2.1,20982,СОСНА ЗВИЧАЙНА,1,4,PISY,4
03:64:7,1.5,15167,СОСНА ЗВИЧАЙНА,1,4,PISY,4
03:64:6,5.3,55264,СОСНА ЗВИЧАЙНА,1,4,PISY,4
03:64:5,2.3,23175,СОСНА ЗВИЧАЙНА,1,4,PISY,4
03:64:1,4.4,43815,СОСНА ЗВИЧАЙНА,1,4,PISY,4
03:65:4,1,9582,СОСНА ЗВИЧАЙНА,1,4,PISY,4
03:65:3,4.4,43192,СОСНА ЗВИЧАЙНА,1,4,PISY,4
03:65:10,3.1,30648,СОСНА ЗВИЧАЙНА,1,4,PISY,4
03:65:8,0.2,2205,СОСНА ЗВИЧАЙНА,1,4,PISY,4
03:65:7,0.5,5462,СОСНА ЗВИЧАЙНА,1,4,PISY,4
03:65:5,1.8,17774,СОСНА ЗВИЧАЙНА,1,4,PISY,4
03:65:1,3.3,32412,СОСНА ЗВИЧАЙНА,1,4,PISY,4
03:68:5,0.2,2365,СОСНА ЗВИЧАЙНА,1,4,PISY,4
03:68:4,1.7,17157,СОСНА ЗВИЧАЙНА,1,4,PISY,4
03:68:1,14,137689,СОСНА ЗВИЧАЙНА,1,4,PISY,4
03:69:4,0.5,5335,СОСНА ЗВИЧАЙНА,1,4,PISY,4
03:70:10,1.4,15703,СОСНА ЗВИЧАЙНА,1,4,PISY,4
03:70:5,0.8,7571,СОСНА ЗВИЧАЙНА,1,4,PISY,4
03:70:6,0.3,2939,СОСНА ЗВИЧАЙНА,1,4,PISY,4
03:70:8,2.5,25440,СОСНА ЗВИЧАЙНА,1,4,PISY,4
03:70:12,1.5,15191,СОСНА ЗВИЧАЙНА,1,4,PISY,4
03:70:9,1.1,11393,СОСНА ЗВИЧАЙНА,1,4,PISY,4
03:70:11,2.6,25803,СОСНА ЗВИЧАЙНА,1,4,PISY,4
03:70:7,7.1,72251,СОСНА ЗВИЧАЙНА,1,4,PISY,4
03:71:2,1.9,19474,СОСНА ЗВИЧАЙНА,1,4,PISY,4
03:71:5,0.4,4253,СОСНА ЗВИЧАЙНА,1,4,PISY,4
03:71:1,2.1,22183,СОСНА ЗВИЧАЙНА,1,4,PISY,4
03:71:9,1.2,12325,СОСНА ЗВИЧАЙНА,1,4,PISY,4
03:72:2,3,31103,СОСНА ЗВИЧАЙНА,1,4,PISY,4
03:72:1,3.5,35939,СОСНА ЗВИЧАЙНА,1,4,PISY,4
03:73:1,0.7,6788,СОСНА ЗВИЧАЙНА,1,4,PISY,4
03:73:3,6.8,66417,СОСНА ЗВИЧАЙНА,1,4,PISY,4
03:75:3,3,32721,СОСНА ЗВИЧАЙНА,1,4,PISY,4
03:75:2,3.6,38661,СОСНА ЗВИЧАЙНА,1,4,PISY,4
03:75:12,1.2,13317,СОСНА ЗВИЧАЙНА,1,4,PISY,4
03:75:5,0.7,8427,БІЛА АКАЦІЯ,1,3,OTHERS,3
03:76:1,1.4,15937,СОСНА ЗВИЧАЙНА,1,4,PISY,4
03:76:7,2.7,30109,СОСНА ЗВИЧАЙНА,1,4,PISY,4
03:76:8,2.2,23835,СОСНА ЗВИЧ. У ВОГН. КОР. ГУБ.,1,4,PISY,4
03:79:3,3.4,35976,СОСНА ЗВИЧ. У ВОГН. КОР. ГУБ.,1,4,PISY,4
03:79:1,4.1,43777,БІЛА АКАЦІЯ,1,2,OTHERS,3
03:79:2,3,31532,СОСНА ЗВИЧАЙНА,1,4,PISY,4
03:79:4,16,196360,СОСНА ЗВИЧ. У ВОГН. КОР. ГУБ.,1,4,PISY,4
03:78:4,0.7,6754,СОСНА ЗВИЧАЙНА,1,2,PISY,4
03:78:1,1.3,15482,СОСНА ЗВИЧАЙНА,1,4,PISY,4
03:77:2,1.1,13032,ВІЛЬХА ЧОРНА,1,1,ALGL,1
03:77:1,8.9,95474,БЕРЕЗА ПОВИСЛА,1,4,BEPE,2
03:77:7,0.7,8145,СОСНА ЗВИЧАЙНА,1,4,PISY,4
03:77:8,0.4,5081,СОСНА ЗВИЧАЙНА,1,4,PISY,4
03:77:10,3.1,33742,СОСНА ЗВИЧАЙНА,1,4,PISY,4
03:77:6,3.5,38992,СОСНА ЗВИЧАЙНА,1,4,PISY,4
03:77:4,9.2,99053,СОСНА ЗВИЧАЙНА,1,4,PISY,4
03:2:3,6.3,64478,СОСНА ЗВИЧАЙНА,1,4,PISY,4
03:2:7,14,155199,СОСНА ЗВИЧАЙНА,1,4,PISY,4
03:3:3,7.9,81265,СОСНА ЗВИЧАЙНА,1,4,PISY,4
03:5:3,4.5,47098,СОСНА ЗВИЧАЙНА,1,4,PISY,4
03:11:11,1.4,15239,СОСНА ЗВИЧАЙНА,1,4,PISY,4
03:14:5,0.4,4115,СОСНА ЗВИЧАЙНА,1,4,PISY,4
03:14:6,1.4,13661,СОСНА ЗВИЧ. У ВОГН. КОР. ГУБ.,1,4,PISY,4
03:14:1,9.9,98645,СОСНА ЗВИЧАЙНА,1,4,PISY,4
03:84:4,5.6,57719,ВЕРБА ПРУТОВИДНА,1,4,OTHERS,3
03:87:2,5.7,60662,ВЕРБА БІЛА,1,1,OTHERS,3
03:81:12,2.1,23443,ВЕРБА ПРУТОВИДНА,1,1,OTHERS,3
03:81:11,1.2,13970,ВЕРБА БІЛА,1,4,OTHERS,3
03:81:10,0.8,9149,ТОПОЛЯ БАЛЬЗАМІЧНА,1,5,POTR,5
03:81:8,0.5,5453,ВЕРБА ПРУТОВИДНА,1,5,OTHERS,3
03:81:7,1.1,11498,ТОПОЛЯ БАЛЬЗАМІЧНА,1,1,POTR,5
03:80:11,12.6,126005,ВЕРБА ПРУТОВИДНА,1,4,OTHERS,3
03:80:12,6.7,66728,ВЕРБА БІЛА,1,4,OTHERS,3
03:80:9,9.7,97453,ВЕРБА ПРУТОВИДНА,1,1,OTHERS,3
03:80:10,3.6,36112,ВЕРБА БІЛА,1,1,OTHERS,3
03:80:6,14.2,142064,ВЕРБА БІЛА,1,5,OTHERS,3
03:80:8,1.8,17588,ВЕРБА БІЛА,1,1,OTHERS,3
03:80:7,1.2,11993,ВЕРБА ПРУТОВИДНА,1,5,OTHERS,3
03:80:4,4.1,40621,ВЕРБА БІЛА,1,1,OTHERS,3
03:80:1,1.4,14363,ТОПОЛЯ ЧОРНА,1,5,POTR,5
03:3:9,16.5,180721,СОСНА ЗВИЧАЙНА,1,4,PISY,4
03:94:1,5.7,56214,ВЕРБА ПРУТОВИДНА,1,4,OTHERS,3
03:58:9,0.5,3739,СОСНА ЗВИЧАЙНА,1,4,PISY,4
03:35:12,0.9,8299,СОСНА ЗВИЧАЙНА,1,4,PISY,4
03:75:9,1,11355,СОСНА ЗВИЧАЙНА,1,4,PISY,4
03:72:4,0.8,7872,СОСНА ЗВИЧАЙНА,1,4,PISY,4
03:71:3,1.8,17891,СОСНА ЗВИЧАЙНА,1,4,PISY,4
03:71:4,0.8,8364,СОСНА ЗВИЧАЙНА,1,4,PISY,4
03:69:5,1.5,14631,БЕРЕЗА ПОВИСЛА,1,2,BEPE,2
03:69:8,0.3,2636,СОСНА ЗВИЧАЙНА,1,2,PISY,4
03:61:11,3.8,36784,СОСНА ЗВИЧАЙНА,1,4,PISY,4
03:59:4,2.6,26444,СОСНА ЗВИЧАЙНА,1,4,PISY,4
03:49:4,2.2,20527,СОСНА ЗВИЧАЙНА,1,2,PISY,4
03:50:4,2.7,27973,СОСНА ЗВИЧАЙНА,1,4,PISY,4
03:50:6,3.8,38970,СОСНА ЗВИЧАЙНА,1,4,PISY,4
03:39:10,0.5,4372,БЕРЕЗА ПОВИСЛА,1,2,BEPE,2
03:36:2,2,19954,СОСНА ЗВИЧАЙНА,1,4,PISY,4
03:35:6,1.8,18513,СОСНА ЗВИЧАЙНА,1,4,PISY,4
03:45:6,1,10931,ДУБ ЗВИЧАЙНИЙ,1,4,OTHERS,3
03:45:5,2.5,25392,СОСНА ЗВИЧАЙНА,1,4,PISY,4
03:47:3,1,10625,СОСНА ЗВИЧАЙНА,1,4,PISY,4
03:43:1,0.8,8114,СОСНА ЗВИЧАЙНА,1,2,PISY,4
03:48:1,0.5,5458,СОСНА ЗВИЧАЙНА,1,4,PISY,4
03:50:1,1.5,15457,СОСНА ЗВИЧАЙНА,1,4,PISY,4
03:57:6,1.8,19348,СОСНА ЗВИЧАЙНА,1,4,PISY,4
03:57:5,2.2,22739,СОСНА ЗВИЧАЙНА,1,4,PISY,4
03:66:2,0.5,5174,СОСНА ЗВИЧАЙНА,1,2,PISY,4
03:53:6,0.4,4598,СОСНА ЗВИЧАЙНА,1,4,PISY,4
03:59:3,0.2,1851,СОСНА ЗВИЧАЙНА,1,4,PISY,4
03:59:7,0.4,3432,СОСНА ЗВИЧАЙНА,1,4,PISY,4
03:68:2,4.2,44448,СОСНА ЗВИЧАЙНА,1,4,PISY,4
03:68:3,4.9,49229,СОСНА ЗВИЧАЙНА,1,4,PISY,4
03:69:1,2.5,24566,СОСНА ЗВИЧАЙНА,1,4,PISY,4
